customer_id,gender,age,product,price_per_unit,units_purchased,total_purchase,payment_method,supermarket_branch
9B946USP,male,44,Trash Can,2.9362973252676077,4,11.74518930107043,card,Ipoh
MLY4MKTQ,male,25,All-Purpose Cleaner,5.141214595897187,4,20.56485838358875,cash,Pulau Pinang
MUMZETC0,male,48,Toilet Brush,8.393236925197941,4,33.572947700791765,e-wallet,Seremban
5S8BYUY2,female,43,Trash Can,8.335516356698747,4,33.34206542679499,card,Kuala Lumpur
HOU5ZM64,male,47,Trash Can,3.9643642699282946,9,35.67927842935465,e-wallet,Pulau Pinang
YX2N2PRW,male,33,Broom,4.328039866118968,5,21.64019933059484,cash,Ipoh
8SL73G2A,female,49,Paper Towels,2.9838810211465496,8,23.871048169172397,e-wallet,Seremban
5633WQ3I,male,39,Laundry Basket,6.381263496480262,7,44.66884447536184,e-wallet,Kuala Lumpur
BTWNKFIH,male,33,Air Freshener,2.3475368414873277,8,18.78029473189862,cash,Pulau Pinang
GNC0XT26,female,35,Towel,2.727508130002069,3,8.182524390006208,e-wallet,Kuala Lumpur
CWK3094T,male,53,Detergent,7.126524543409447,10,71.26524543409447,card,Johor Bahru
W3OG7B0R,female,29,Hand Soap,7.243223945671025,2,14.48644789134205,e-wallet,Johor Bahru
8XG4YL7T,male,22,Toilet Paper,4.585662175284287,7,32.09963522699001,card,Pulau Pinang
IYS2YFEL,male,33,Hand Soap,3.9020576658870723,6,23.412345995322433,card,Ipoh
086RBTPM,female,48,Laundry Basket,2.862026450331726,5,14.31013225165863,e-wallet,Seremban
BHVLDLLU,female,18,Trash Bags,5.206878006001093,8,41.65502404800874,cash,Seremban
ASWLF81Y,female,33,Sponge,7.112026318153529,1,7.112026318153529,card,Pulau Pinang
ENTOEPYX,female,22,Sponge,3.7193540458102,3,11.158062137430601,e-wallet,Seremban
R9SX890I,male,46,Air Freshener,6.482468681931485,5,32.412343409657424,cash,Kuala Lumpur
R6620S0D,female,20,Toilet Brush,8.04752627178432,1,8.04752627178432,card,Pulau Pinang
1XRJTKFV,female,61,Sponge,6.769387613786477,3,20.30816284135943,cash,Pulau Pinang
YQFC1TNE,male,44,Dish Soap,8.378957697372776,8,67.03166157898221,card,Johor Bahru
637PQVNX,male,41,Trash Can,9.374223222896273,5,46.87111611448137,card,Ipoh
6GSPSZGM,male,54,Sponge,6.2648581533153065,6,37.58914891989184,card,Seremban
R26FUOO4,male,34,Mop,1.989982582933287,7,13.929878080533008,card,Seremban
IHL62D4H,male,34,Detergent,8.572571726951923,3,25.71771518085577,card,Ipoh
AG95RF2E,female,34,Paper Towels,1.7809030687077878,5,8.90451534353894,cash,Kuala Lumpur
7IZDRZKN,female,53,Toilet Brush,9.655116005531294,8,77.24092804425035,e-wallet,Pulau Pinang
ZXHB60B1,male,32,Dish Soap,4.512085172272907,3,13.53625551681872,cash,Pulau Pinang
Q4P72A8M,male,29,Detergent,5.9690495533562755,8,47.752396426850204,e-wallet,Johor Bahru
J3WDRQID,female,32,Laundry Basket,4.424846390903639,7,30.973924736325472,card,Seremban
V30MPAI9,male,34,Paper Towels,6.865802988371313,10,68.65802988371313,e-wallet,Seremban
DFIROU00,female,19,Dish Soap,3.6005198035674377,4,14.402079214269751,card,Pulau Pinang
4X9P3NKY,female,49,Toilet Brush,7.670780826488001,9,69.03702743839202,card,Pulau Pinang
2TNCP3SH,female,58,Detergent,9.459387305547732,3,28.378161916643197,e-wallet,Johor Bahru
FWZN9617,male,54,Mop,6.920659675473644,9,62.285937079262794,card,Johor Bahru
RMRQIRC0,female,27,Dish Soap,3.3707115237047587,3,10.112134571114275,card,Kuala Lumpur
E6TSP8GT,male,27,Laundry Basket,8.138188940715121,1,8.138188940715121,e-wallet,Ipoh
1O0G8YHU,male,49,Broom,2.0835763283582507,6,12.501457970149504,card,Kuala Lumpur
PS5XF25Z,male,61,Dish Soap,6.981268895757292,2,13.962537791514585,e-wallet,Pulau Pinang
THBI1Z7T,male,28,Mop,5.466155272591579,7,38.263086908141055,card,Ipoh
796CMAMY,male,44,Hand Soap,9.763873377629523,1,9.763873377629523,card,Pulau Pinang
O3OPFQCA,male,50,Air Freshener,9.513775352250388,8,76.1102028180031,e-wallet,Pulau Pinang
OTPG2QQ6,female,25,Hand Soap,2.6881807439210084,10,26.881807439210085,card,Kuala Lumpur
JK08HU1A,male,34,Air Freshener,8.167199056523305,2,16.33439811304661,card,Ipoh
LRTXA790,female,47,Towel,1.5961898743875544,4,6.384759497550218,e-wallet,Ipoh
VULT07DI,male,34,Trash Can,5.186668933138761,8,41.49335146511009,e-wallet,Seremban
8DU02FCM,male,43,Air Freshener,7.033651535669145,2,14.06730307133829,card,Pulau Pinang
589C6MQM,female,57,Hand Soap,8.107897947358854,9,72.97108152622968,card,Ipoh
LH8JBEVI,female,34,Towel,8.80470774632401,1,8.80470774632401,card,Kuala Lumpur
QCYAR0CP,female,35,All-Purpose Cleaner,8.269506614101166,7,57.88654629870816,card,Ipoh
P0NG2ZWR,male,58,Dish Soap,5.763054213344785,1,5.763054213344785,e-wallet,Johor Bahru
VPJVQP9E,male,24,Broom,2.446466655738398,4,9.785866622953591,e-wallet,Johor Bahru
3IA2HMB1,male,32,Detergent,7.164448567591938,5,35.82224283795969,card,Ipoh
XIPF40TI,male,53,Broom,9.61515265270248,4,38.46061061080992,card,Johor Bahru
V74CNE0L,female,21,Paper Towels,1.8342319706741623,7,12.839623794719136,cash,Pulau Pinang
0YN1ZYHR,female,51,Broom,4.07931027484354,5,20.3965513742177,card,Ipoh
2OMYYRK5,female,22,Toilet Paper,4.284476050745546,5,21.42238025372773,e-wallet,Kuala Lumpur
VMZ4CHJH,male,55,Toilet Brush,8.24358775227811,5,41.21793876139055,card,Seremban
Y5DG60CT,female,55,Trash Bags,8.126824000734592,4,32.50729600293837,cash,Ipoh
6BQLZPFC,male,32,Towel,7.038973673569371,3,21.116921020708112,cash,Kuala Lumpur
BXTMCTTN,male,36,Laundry Basket,4.71311334107125,7,32.99179338749875,card,Ipoh
A20HJ1T8,female,50,Trash Bags,1.2924056207155181,7,9.046839345008626,e-wallet,Seremban
UEVDIROL,female,33,Sponge,9.97886763324497,3,29.93660289973491,card,Pulau Pinang
1EBGXRCY,male,29,Mop,1.3543733110673437,5,6.771866555336718,e-wallet,Kuala Lumpur
4YOOW9WI,male,51,Air Freshener,9.24090338525636,7,64.68632369679452,card,Pulau Pinang
8N988H7R,male,24,Trash Bags,1.651659604832345,7,11.561617233826416,e-wallet,Kuala Lumpur
VZIORITK,female,49,Towel,3.1792814542955785,10,31.792814542955785,e-wallet,Seremban
VXJ5FHXJ,male,58,All-Purpose Cleaner,7.84073806226484,8,62.72590449811872,cash,Pulau Pinang
8O0GM215,male,18,Air Freshener,5.738170158507218,9,51.64353142656496,e-wallet,Pulau Pinang
CDZ49KZF,male,35,Broom,1.8755175230384085,9,16.879657707345675,cash,Ipoh
VS7Y68MT,female,49,Detergent,3.293345100901168,4,13.173380403604671,card,Ipoh
LNSSW2MT,male,36,Hand Soap,7.596878728467031,9,68.37190855620328,cash,Ipoh
2ATID467,male,18,Air Freshener,4.495164011901492,8,35.96131209521194,card,Johor Bahru
PCBK3WGU,male,20,Toilet Brush,8.42841444402832,2,16.85682888805664,cash,Kuala Lumpur
FQ95GV3D,female,59,Sponge,5.21375852570553,10,52.1375852570553,card,Johor Bahru
3KOHASZO,female,18,Broom,6.6762550933573195,8,53.410040746858556,e-wallet,Johor Bahru
LHTVZ9M3,female,34,Mop,4.927992903023266,5,24.63996451511633,e-wallet,Kuala Lumpur
FR04RRIA,female,51,Toilet Paper,7.330033634164729,10,73.3003363416473,cash,Ipoh
30OD6CQN,male,48,Hand Soap,9.901734798736912,9,89.11561318863221,e-wallet,Ipoh
LI8HXLU3,female,39,Mop,1.9296993598365733,1,1.9296993598365733,card,Johor Bahru
TT57UXK1,female,52,Air Freshener,3.4857296721711233,5,17.428648360855618,e-wallet,Pulau Pinang
E2UUZLZ3,female,36,Broom,8.006462090817013,3,24.01938627245104,e-wallet,Johor Bahru
FLUQOES0,female,53,Hand Soap,6.458305084883116,9,58.12474576394804,cash,Kuala Lumpur
9BW75HTE,male,45,Toilet Paper,1.2690968331632115,5,6.345484165816058,cash,Ipoh
LVZF4I9O,male,28,Paper Towels,2.1398402479418213,2,4.2796804958836425,e-wallet,Johor Bahru
WTYFUN27,female,29,All-Purpose Cleaner,6.489119820627421,7,45.423838744391944,card,Johor Bahru
FWE6DSHW,male,22,Detergent,6.778221955900428,9,61.003997603103855,e-wallet,Ipoh
J1PYVK9A,female,22,Dish Soap,2.941436594715215,1,2.941436594715215,card,Seremban
Z3BHR1LO,male,30,Air Freshener,8.309569077715299,10,83.09569077715298,card,Kuala Lumpur
B9059V0S,male,43,Dish Soap,8.876659355538537,3,26.629978066615614,cash,Seremban
DN9VHLST,male,54,Detergent,2.08674794677011,3,6.260243840310331,cash,Ipoh
ULL7586I,male,34,Towel,7.396233386467158,10,73.96233386467158,cash,Seremban
8NP0C4JX,female,28,Detergent,3.395750347290245,8,27.16600277832196,cash,Ipoh
A70X51M7,male,31,Towel,7.520043253224581,10,75.20043253224581,card,Seremban
Z3H2QDFP,male,29,Hand Soap,1.9485478457139036,6,11.691287074283421,e-wallet,Seremban
HNJN85R9,male,58,Air Freshener,2.4401863209338157,5,12.200931604669078,cash,Pulau Pinang
K74EHT5H,female,58,Towel,3.528102143900921,10,35.28102143900921,cash,Seremban
E0HX9C4C,male,44,Trash Bags,7.617276239735697,7,53.32093367814988,e-wallet,Kuala Lumpur
PY8XN9VV,female,20,Paper Towels,7.655616850924388,10,76.55616850924388,e-wallet,Seremban
8MQ6YV9X,male,33,Trash Bags,9.890814701145931,6,59.34488820687559,card,Seremban
5X1KHQZ8,male,27,Hand Soap,4.296585879794907,3,12.889757639384719,e-wallet,Kuala Lumpur
4BDPX8GF,female,28,Laundry Basket,2.213426072888252,7,15.493982510217764,card,Kuala Lumpur
1MGLPLZ4,male,55,Laundry Basket,1.683510208160708,8,13.468081665285665,cash,Ipoh
3HYFUMP4,male,42,Paper Towels,8.041160023170209,9,72.37044020853187,e-wallet,Kuala Lumpur
2PCDQEHA,female,47,Broom,7.579934174782933,9,68.2194075730464,cash,Ipoh
LCYH57S9,female,43,Toilet Brush,2.634909636262381,3,7.904728908787143,e-wallet,Ipoh
9I5L4GZD,male,33,All-Purpose Cleaner,8.425560994762716,10,84.25560994762716,card,Seremban
W2VIZNLV,female,61,Towel,7.102142676906146,5,35.51071338453073,cash,Pulau Pinang
SP090ZSS,male,37,Sponge,2.232063726418095,8,17.85650981134476,e-wallet,Ipoh
3QK8U9IO,female,60,Dish Soap,4.462910537625868,6,26.77746322575521,e-wallet,Ipoh
14S4QOU3,female,52,Towel,6.2255189888632625,10,62.25518988863263,card,Johor Bahru
H7IF6RT1,female,30,Detergent,8.117494712175443,10,81.17494712175443,e-wallet,Seremban
DSFBNOVE,male,61,Paper Towels,6.860424680062543,1,6.860424680062543,cash,Johor Bahru
IW7CD6HM,male,43,Dish Soap,9.917715762454169,7,69.42401033717918,card,Johor Bahru
V7HMOPCA,female,27,Laundry Basket,7.6778696948680345,1,7.6778696948680345,cash,Pulau Pinang
Q3IY3DMI,female,48,Trash Bags,3.81745535778639,9,34.35709822007751,e-wallet,Kuala Lumpur
D47LN8JD,male,28,Mop,4.7192974076626095,1,4.7192974076626095,cash,Kuala Lumpur
BG94ICOP,female,47,Dish Soap,7.2937057019111196,2,14.587411403822239,card,Johor Bahru
UASI9SQ9,female,42,Air Freshener,4.498590638328483,2,8.997181276656965,e-wallet,Johor Bahru
F18MPCSP,female,32,All-Purpose Cleaner,8.516602055215325,1,8.516602055215325,e-wallet,Kuala Lumpur
X8DVG4D3,female,47,Toilet Paper,7.478537583965252,4,29.91415033586101,e-wallet,Pulau Pinang
UH0WWXXL,male,28,Detergent,2.786496183226121,5,13.932480916130604,cash,Seremban
NGJHSNVI,female,18,Mop,5.4489909397010186,3,16.346972819103055,cash,Pulau Pinang
TVMYK25Q,female,50,Air Freshener,9.992341817703096,9,89.93107635932786,e-wallet,Seremban
FYMQUXR1,female,20,Detergent,5.207618135776688,4,20.83047254310675,cash,Ipoh
GBDIJW5W,female,50,Toilet Paper,5.0878082026144105,7,35.61465741830087,e-wallet,Kuala Lumpur
65VOWQE3,female,47,Towel,1.7596754553711365,9,15.837079098340228,cash,Johor Bahru
TV6O6330,female,37,Paper Towels,4.267378580191873,10,42.67378580191873,cash,Kuala Lumpur
35H1WWPR,male,46,Broom,3.5909063744593217,5,17.95453187229661,cash,Kuala Lumpur
Y4DP4S8C,female,33,Hand Soap,5.897286913089657,7,41.281008391627594,cash,Kuala Lumpur
IM22C1EI,female,48,Trash Bags,6.580798426339867,9,59.227185837058805,cash,Johor Bahru
2RVDEYN6,male,57,Air Freshener,4.574693062346584,6,27.448158374079505,card,Seremban
4DQ7E37K,female,22,Broom,3.45512294457741,10,34.5512294457741,e-wallet,Pulau Pinang
6QFV09Z3,female,55,Mop,8.277167302181834,4,33.108669208727335,cash,Seremban
YAFEMHUY,female,44,Trash Bags,4.269427850471316,2,8.538855700942632,cash,Ipoh
I0TD29FE,female,35,Sponge,1.037382737898413,2,2.074765475796826,e-wallet,Ipoh
UR2MXAL4,male,48,Air Freshener,3.8615277939152675,8,30.89222235132214,e-wallet,Seremban
16SJBQ0R,female,30,Laundry Basket,4.449083406564451,9,40.041750659080066,card,Ipoh
6DPRF3QM,female,45,Laundry Basket,4.383925054637062,4,17.535700218548246,e-wallet,Pulau Pinang
XVHDZ9D7,female,60,Toilet Brush,2.0501873253505365,9,18.451685928154827,card,Seremban
D042HON4,male,44,Paper Towels,6.823392156307491,5,34.11696078153745,card,Seremban
WIBCQG8H,male,56,Hand Soap,5.602156331780431,5,28.010781658902154,e-wallet,Pulau Pinang
QMD2Q3KH,male,54,Hand Soap,5.897724409727205,8,47.18179527781764,e-wallet,Johor Bahru
6LZMKIPM,male,59,Trash Can,7.7839563691359075,5,38.91978184567954,card,Johor Bahru
QRA9C1K7,male,43,Paper Towels,5.112442122183477,1,5.112442122183477,e-wallet,Kuala Lumpur
5IA2BBML,male,52,All-Purpose Cleaner,9.383515459887258,9,84.45163913898533,card,Ipoh
H76W3WHZ,female,58,Toilet Paper,9.042837350932489,2,18.085674701864978,card,Kuala Lumpur
1SMTT8LZ,female,58,Toilet Paper,4.790490417827572,4,19.161961671310287,e-wallet,Pulau Pinang
MEXTTNJQ,male,35,Toilet Paper,1.5651136130049514,5,7.825568065024758,cash,Ipoh
J5H46FKX,male,27,Hand Soap,3.4239645516186195,8,27.391716412948956,cash,Johor Bahru
M3G12JQC,male,61,Hand Soap,5.384697821654541,8,43.07758257323633,cash,Ipoh
IL13B5ZA,male,56,Towel,9.430477531463765,3,28.291432594391296,card,Kuala Lumpur
TC0GUIZU,female,22,Dish Soap,1.3890394009793985,1,1.3890394009793985,card,Ipoh
BQ4JK64U,female,46,Towel,9.524316419513697,1,9.524316419513697,e-wallet,Johor Bahru
QMCMKJQT,female,28,Trash Bags,5.041244783146426,9,45.37120304831783,e-wallet,Seremban
WC3P42TN,male,44,Hand Soap,9.817391060824281,7,68.72173742576997,e-wallet,Kuala Lumpur
C1Y3VXOZ,female,44,Dish Soap,6.140059924684009,3,18.420179774052027,cash,Johor Bahru
Y6ULHVQT,female,47,Detergent,7.562836398699667,7,52.93985479089767,e-wallet,Kuala Lumpur
TJXHD5YO,female,42,Trash Can,6.67067401573573,9,60.03606614162157,e-wallet,Kuala Lumpur
VIQV48IG,male,35,Sponge,1.7565100436340564,7,12.295570305438394,cash,Pulau Pinang
IJLR5IET,male,41,Detergent,2.8472191845924697,7,19.93053429214729,cash,Ipoh
UBXX5FT2,male,40,Air Freshener,7.419295671294224,7,51.93506969905957,cash,Ipoh
5ZHMHGIQ,female,25,Hand Soap,8.3795070809073,9,75.41556372816571,e-wallet,Seremban
8DOZT9AS,female,24,Trash Can,4.57747201098009,7,32.04230407686063,cash,Ipoh
NGM84H5E,female,54,Toilet Paper,1.881002625748446,5,9.40501312874223,card,Ipoh
WESHXDRJ,female,33,Towel,9.673968858341633,4,38.69587543336653,cash,Kuala Lumpur
YNMKW800,male,28,Sponge,5.612055418512505,8,44.89644334810004,card,Ipoh
4KQKTSVK,male,33,Toilet Paper,3.752315511372368,8,30.018524090978943,e-wallet,Johor Bahru
24IWWAV3,female,30,Detergent,6.630167185296042,4,26.520668741184167,cash,Seremban
BFQ2Q00F,female,45,Towel,4.177993006240921,9,37.601937056168296,card,Seremban
6HILXKTF,male,46,Trash Bags,1.0158049682911041,9,9.142244714619936,e-wallet,Seremban
9WN9LW0H,female,49,Towel,9.862139882252869,1,9.862139882252869,card,Kuala Lumpur
VR0JCXSU,male,50,Sponge,9.137114242519523,8,73.09691394015618,e-wallet,Ipoh
M745Y7RY,female,41,Detergent,1.2097726596520588,4,4.839090638608235,e-wallet,Seremban
YK0JSICX,female,18,Trash Bags,5.8042068965784805,6,34.82524137947088,e-wallet,Seremban
0DA9JRGT,female,38,Trash Bags,9.953641728943918,3,29.860925186831754,cash,Johor Bahru
AU6SSQ5S,female,52,Detergent,6.217411907746406,5,31.08705953873203,e-wallet,Ipoh
2PP2P64O,male,24,Hand Soap,6.358185097699731,5,31.790925488498655,e-wallet,Pulau Pinang
U5J9247J,male,22,Toilet Paper,4.911580320178038,5,24.55790160089019,e-wallet,Seremban
AHL1774F,female,22,Sponge,6.8004370111689925,6,40.80262206701396,cash,Seremban
BR0OI5FB,male,60,Towel,4.980058602295981,4,19.920234409183923,cash,Kuala Lumpur
LVC1X08T,female,47,Hand Soap,5.756491235794822,2,11.512982471589645,cash,Kuala Lumpur
CFKXZ7IF,male,49,Trash Bags,5.459481259206141,1,5.459481259206141,cash,Ipoh
YZ11I5FP,female,59,Mop,2.0119311500758603,2,4.023862300151721,cash,Seremban
Z6RFRHX5,male,57,Sponge,7.804014325296842,10,78.04014325296842,card,Pulau Pinang
EIROY9ZH,male,43,Air Freshener,1.119081217566873,1,1.119081217566873,e-wallet,Johor Bahru
S9HJD4Y4,female,43,Detergent,1.031865149301468,6,6.191190895808809,cash,Ipoh
DRXQ69EW,female,58,Trash Bags,6.639495177584786,4,26.557980710339145,card,Pulau Pinang
EAJ66DOB,female,44,All-Purpose Cleaner,2.2609193729972157,7,15.82643561098051,cash,Ipoh
7538HII6,male,19,Mop,5.150928013429538,4,20.60371205371815,e-wallet,Ipoh
HKDK5EEH,male,59,Trash Bags,1.0133418976981052,1,1.0133418976981052,e-wallet,Ipoh
8R9DF1FQ,female,30,Laundry Basket,6.555993581692911,2,13.111987163385821,card,Ipoh
Y63L7L1A,male,55,Trash Can,1.3230175155130448,1,1.3230175155130448,card,Kuala Lumpur
K7RTPBCF,female,44,Toilet Paper,7.315612238859023,5,36.57806119429512,card,Kuala Lumpur
YFGJ525Z,female,61,Trash Can,8.933072782298652,5,44.66536391149326,cash,Seremban
J5QLA31T,female,40,Hand Soap,3.292219115375832,6,19.75331469225499,e-wallet,Ipoh
V36ZT3RH,male,18,Hand Soap,8.897404883269463,7,62.28183418288624,e-wallet,Ipoh
SJTL8JZA,male,29,Sponge,5.137373684379781,1,5.137373684379781,cash,Pulau Pinang
3AYTK9MB,male,58,Trash Can,8.177093700782265,10,81.77093700782265,card,Seremban
IRAT7RMR,female,20,Paper Towels,2.417346817784246,5,12.08673408892123,cash,Ipoh
KU396KJK,male,43,All-Purpose Cleaner,6.425023275796426,3,19.275069827389277,cash,Kuala Lumpur
GX1VSCNZ,male,43,Detergent,2.2406136567717865,3,6.721840970315359,e-wallet,Kuala Lumpur
I0AZ8FEY,male,28,Hand Soap,7.72607697126302,8,61.80861577010416,cash,Johor Bahru
HIPN75HQ,male,31,Trash Can,2.3032317073782713,10,23.032317073782714,card,Kuala Lumpur
U9K6UJLG,male,23,Hand Soap,1.3171121436588555,10,13.171121436588555,card,Pulau Pinang
FZXZM4LB,male,50,Broom,8.241402508521048,5,41.20701254260524,e-wallet,Kuala Lumpur
F1LARM8L,male,47,All-Purpose Cleaner,6.491864463105996,5,32.45932231552998,cash,Pulau Pinang
51WMM84X,female,37,Sponge,1.8560754940027555,1,1.8560754940027555,cash,Pulau Pinang
FXPR93F3,male,24,Toilet Paper,1.5663681178124755,2,3.132736235624951,card,Kuala Lumpur
ASNZR2OQ,female,31,Hand Soap,9.919601344448267,8,79.35681075558614,card,Seremban
6Q0JXPX7,female,22,Hand Soap,4.2095289611010065,4,16.838115844404026,e-wallet,Kuala Lumpur
O8YE9JIJ,female,39,Air Freshener,5.406542915396029,8,43.25234332316823,e-wallet,Kuala Lumpur
I47T9U23,female,27,Hand Soap,6.672618262193779,8,53.38094609755023,card,Pulau Pinang
TDWT5UJ5,female,27,Broom,1.2873648014942072,2,2.5747296029884144,e-wallet,Ipoh
T7AS4MR2,female,18,Toilet Paper,9.480077871028243,4,37.92031148411297,card,Kuala Lumpur
G0N04RNJ,female,28,Trash Bags,5.5398301607127385,3,16.619490482138215,card,Ipoh
09FA5GM5,female,40,Trash Bags,5.010598222407077,1,5.010598222407077,card,Seremban
6DAFA6T5,female,57,Hand Soap,9.354246977098608,4,37.41698790839443,card,Johor Bahru
MRRH8ZYS,female,32,Trash Can,6.503975611286998,1,6.503975611286998,cash,Pulau Pinang
XKJM0LXN,female,49,Toilet Brush,3.9105642133614267,9,35.19507792025284,card,Pulau Pinang
UT4GMSWZ,male,58,Hand Soap,8.968417653797262,8,71.7473412303781,card,Pulau Pinang
RK9E1Y9X,female,43,Laundry Basket,6.947059345305859,5,34.73529672652929,cash,Seremban
W1ZS5EWP,male,19,Trash Can,7.300480446060161,8,58.403843568481285,cash,Johor Bahru
LXVBY5A1,male,59,Hand Soap,6.9019031865946685,2,13.803806373189337,cash,Ipoh
MQZWCBCL,female,28,Detergent,9.342677499470454,7,65.39874249629318,card,Ipoh
OFBJCKSA,female,44,Hand Soap,4.657949387111721,3,13.973848161335162,card,Johor Bahru
XO7PQ12R,male,37,Trash Bags,7.568882228877933,10,75.68882228877933,cash,Ipoh
NH4LHYGU,female,22,Sponge,2.8024569276786715,4,11.209827710714686,e-wallet,Kuala Lumpur
U0HPUDJW,male,57,Paper Towels,6.999320471666567,5,34.99660235833284,cash,Kuala Lumpur
R4DX3E5C,female,44,Detergent,3.987066818890328,10,39.87066818890328,cash,Seremban
SLEQO6MN,male,33,All-Purpose Cleaner,7.6419514792301175,10,76.41951479230117,e-wallet,Ipoh
KYOV51BO,female,55,Toilet Paper,1.268116735125569,7,8.876817145878984,e-wallet,Kuala Lumpur
SGSZ4JWE,female,19,Trash Can,6.063214341965633,3,18.1896430258969,card,Kuala Lumpur
H6KXQHEJ,female,20,Laundry Basket,1.5567695684811866,10,15.567695684811866,e-wallet,Seremban
3KGJPB9L,male,21,Toilet Brush,1.2732176766720673,7,8.912523736704472,card,Seremban
LDYGY140,female,42,Sponge,2.039350274287612,8,16.314802194300896,cash,Pulau Pinang
O7PCQ811,male,26,Laundry Basket,4.564419770489481,3,13.693259311468443,cash,Pulau Pinang
RXVR8T02,female,49,Sponge,8.00151244659036,10,80.0151244659036,e-wallet,Pulau Pinang
D2W060KD,female,51,Laundry Basket,5.236096992215622,6,31.416581953293736,e-wallet,Seremban
1MURD4ER,female,19,Toilet Brush,2.7623694705191446,5,13.811847352595723,card,Ipoh
G1L8JE79,female,30,Hand Soap,1.9201369557376458,10,19.20136955737646,cash,Seremban
MXIUXJ1J,male,51,Mop,9.086060483430963,10,90.86060483430963,card,Kuala Lumpur
F4G5K9VG,female,54,Hand Soap,8.855190474946973,7,61.98633332462881,e-wallet,Kuala Lumpur
A5BBPZ4T,male,49,Toilet Brush,3.976266079578951,7,27.833862557052655,e-wallet,Pulau Pinang
MPK0R2EH,female,49,Air Freshener,3.981361763653751,10,39.81361763653751,e-wallet,Seremban
821SQ6SZ,male,28,Detergent,4.826527952287616,2,9.653055904575233,card,Kuala Lumpur
5APQEFNU,male,28,Detergent,5.675902429615196,1,5.675902429615196,e-wallet,Johor Bahru
D44GGA7H,male,54,Laundry Basket,6.056930745049575,10,60.56930745049576,card,Pulau Pinang
TCLGI875,female,36,Toilet Brush,2.0246924367837913,10,20.246924367837913,cash,Kuala Lumpur
PVV435SK,male,19,Mop,6.531505147443406,1,6.531505147443406,card,Kuala Lumpur
9RR0WVJR,male,31,Laundry Basket,6.376478938139363,5,31.882394690696817,cash,Ipoh
QIJX2LI5,female,56,Toilet Paper,8.522085969072917,10,85.22085969072917,e-wallet,Ipoh
A45A4TL1,male,32,Laundry Basket,5.122800727443186,10,51.22800727443186,e-wallet,Johor Bahru
7IG1E6TQ,female,33,Hand Soap,7.849452208994908,6,47.09671325396945,card,Johor Bahru
AXFSTWTQ,female,50,Laundry Basket,6.526859449645872,10,65.26859449645872,card,Pulau Pinang
ONRGPS60,female,41,Sponge,7.739979191925934,2,15.479958383851868,cash,Ipoh
4NNKOCNB,female,21,Towel,8.457061588303112,10,84.57061588303112,e-wallet,Kuala Lumpur
O8XVZIN7,male,36,Hand Soap,7.676612120004851,5,38.38306060002425,cash,Kuala Lumpur
RAAZC727,female,33,Dish Soap,7.838628585889611,3,23.515885757668833,e-wallet,Seremban
CEZU6QPL,female,29,Paper Towels,4.089440479555075,10,40.894404795550756,e-wallet,Kuala Lumpur
G4AMHTK5,male,38,Toilet Brush,8.217804384424243,10,82.17804384424242,card,Kuala Lumpur
DHZZSJZD,female,45,Air Freshener,4.76361812824314,10,47.636181282431394,e-wallet,Johor Bahru
267DVFAW,male,25,Sponge,2.681121819256323,1,2.681121819256323,card,Kuala Lumpur
X6YXRU42,male,48,Sponge,6.077881691696835,4,24.31152676678734,card,Kuala Lumpur
W3KB0SWT,female,61,Toilet Brush,7.175828511101784,5,35.87914255550892,card,Kuala Lumpur
D74QBQNG,female,40,Sponge,6.340269073672509,4,25.361076294690037,card,Pulau Pinang
PZT8TUY8,male,25,Trash Bags,2.681513029330971,10,26.815130293309707,e-wallet,Johor Bahru
YTLEW6IT,male,48,All-Purpose Cleaner,6.645315653265659,6,39.87189391959396,card,Seremban
VGBHVB7V,female,42,Toilet Brush,2.919659601507213,8,23.357276812057705,cash,Ipoh
Q6GT1V4B,female,61,Broom,2.445387648955078,7,17.117713542685546,cash,Johor Bahru
OU9JTOUC,female,53,Dish Soap,7.681579579087705,10,76.81579579087705,cash,Kuala Lumpur
6SC2Z30W,male,44,Laundry Basket,3.641688599511435,5,18.208442997557174,cash,Seremban
TK51L099,female,32,Paper Towels,3.2162408659186763,10,32.16240865918677,cash,Ipoh
LJAOBNVG,male,41,Towel,1.5448097976347375,2,3.089619595269475,card,Pulau Pinang
TKTFCPVR,male,45,Towel,2.193104528874568,5,10.96552264437284,e-wallet,Johor Bahru
2FW0ZORS,male,35,Sponge,1.611278542013697,8,12.890228336109576,cash,Seremban
YETTDEUG,male,43,Paper Towels,7.309434107015319,2,14.618868214030638,card,Seremban
2LQ2OZV1,female,60,Dish Soap,7.440008674077527,1,7.440008674077527,cash,Ipoh
T9H0UYBX,male,35,Mop,5.014046155424714,3,15.042138466274142,e-wallet,Seremban
ZBP8R7Z3,female,30,Trash Bags,7.790856087693891,8,62.32684870155113,card,Seremban
HYE4O7Q6,female,30,Paper Towels,6.429893229210113,4,25.719572916840452,e-wallet,Pulau Pinang
ZGJ7TQ62,female,53,Trash Bags,9.283383864258347,2,18.566767728516695,cash,Pulau Pinang
3XOXBG4E,male,44,Sponge,4.968992724842352,2,9.937985449684705,cash,Seremban
JS01SSZ2,male,21,Trash Bags,7.1123525158276255,7,49.78646761079338,cash,Ipoh
HDBPNVHC,male,32,Sponge,5.583878389113119,7,39.087148723791834,e-wallet,Johor Bahru
YJMZNLBB,male,51,Toilet Brush,4.438894898959289,10,44.38894898959289,cash,Kuala Lumpur
U5WN11WG,female,26,Dish Soap,8.2367315444992,8,65.8938523559936,e-wallet,Kuala Lumpur
S9RV874G,female,29,Air Freshener,2.49751800559823,5,12.48759002799115,card,Kuala Lumpur
M1I3YWGF,female,61,Detergent,9.232202290466855,10,92.32202290466856,cash,Seremban
PU42IETV,male,21,Mop,5.317869327279642,9,47.86082394551677,e-wallet,Johor Bahru
1COSUYB1,male,38,Toilet Paper,9.758465574857972,9,87.82619017372176,cash,Ipoh
A14GOUOL,male,39,Air Freshener,1.7606470659636622,1,1.7606470659636622,cash,Kuala Lumpur
ZHGANGWJ,female,50,Detergent,6.365991423024674,10,63.65991423024674,cash,Seremban
7E3GAFCO,female,51,Sponge,5.639700947745785,10,56.39700947745786,card,Pulau Pinang
RIWD81PQ,female,39,Sponge,6.864168839769046,9,61.77751955792141,card,Ipoh
5J411E3I,female,60,All-Purpose Cleaner,3.659276178249989,10,36.59276178249989,cash,Johor Bahru
N0FMKYC6,female,39,Detergent,9.341532147754544,8,74.73225718203635,cash,Seremban
ONW31HLZ,male,28,Dish Soap,8.439897475531456,3,25.31969242659437,card,Pulau Pinang
QRSOGSU0,female,56,Air Freshener,1.0702477385785336,8,8.561981908628269,e-wallet,Seremban
BWTM4BRH,female,52,Sponge,5.932477737301508,6,35.59486642380905,card,Seremban
L2THTILG,male,44,Air Freshener,2.9123483518614517,10,29.123483518614517,cash,Johor Bahru
0I4R2J7Q,female,28,Trash Can,9.670461151449974,9,87.03415036304976,e-wallet,Ipoh
G7F0BHJB,female,21,Air Freshener,3.135208777209039,8,25.08167021767231,card,Pulau Pinang
ZN5DBE42,female,18,Trash Can,8.424284132554114,3,25.27285239766234,e-wallet,Kuala Lumpur
4LXG41N9,male,29,Air Freshener,3.2092431506438404,4,12.836972602575361,cash,Pulau Pinang
0TH6Y7VU,female,25,Hand Soap,7.481165870558242,6,44.88699522334945,cash,Ipoh
LTYJVB7J,male,52,Sponge,3.5122820195518782,7,24.585974136863147,e-wallet,Johor Bahru
7MX9EGB9,female,34,Trash Can,7.161910025812222,2,14.323820051624445,card,Ipoh
3RYNSNR4,female,23,Air Freshener,6.098988159648786,7,42.692917117541505,e-wallet,Johor Bahru
NAOUOJ9P,male,33,Trash Bags,4.533401090529875,9,40.800609814768876,cash,Pulau Pinang
Z50MZTLA,female,49,Sponge,2.887551779601198,7,20.212862457208388,cash,Kuala Lumpur
QFQ6517P,male,19,Toilet Paper,7.54282933579163,3,22.62848800737489,card,Seremban
MBBSUCWX,male,51,Paper Towels,3.918506818029525,7,27.429547726206675,cash,Seremban
MYVN2ZTA,female,43,Trash Bags,8.802628003201551,6,52.81576801920931,e-wallet,Kuala Lumpur
YRAC7651,male,26,Towel,6.145901304349989,7,43.02130913044992,e-wallet,Johor Bahru
N5MULH50,female,38,Toilet Paper,2.3146764606010155,5,11.573382303005078,e-wallet,Kuala Lumpur
5ZPC9EGJ,female,33,Mop,9.497242254910987,1,9.497242254910987,card,Ipoh
W8LAIA5U,male,40,Paper Towels,3.3026928317631326,5,16.513464158815662,cash,Johor Bahru
VH0YY8U9,male,59,Hand Soap,7.293251720307112,2,14.586503440614225,cash,Seremban
196TUWPD,male,43,Sponge,3.6432000433354563,6,21.859200260012738,cash,Johor Bahru
8FGAGVNE,female,36,Mop,9.534624428224891,5,47.67312214112445,e-wallet,Pulau Pinang
N7PE5GYR,male,38,Detergent,9.038035276942114,8,72.30428221553692,card,Johor Bahru
M7NGJKZ0,male,58,Sponge,3.678065048589959,6,22.068390291539753,cash,Seremban
070XB1GX,female,60,Mop,5.847190843884275,1,5.847190843884275,card,Ipoh
MD15W33C,female,50,Toilet Brush,7.68467049844575,1,7.68467049844575,cash,Pulau Pinang
K1NWSJ3S,female,34,Laundry Basket,3.9408216080182807,8,31.526572864146246,card,Kuala Lumpur
GNGN1163,male,50,Mop,5.29417246542965,2,10.5883449308593,cash,Seremban
4QADYJ3S,male,44,Towel,9.981910558265122,5,49.90955279132561,e-wallet,Johor Bahru
PACSQYUD,female,29,Toilet Paper,1.2962306392134413,6,7.777383835280648,e-wallet,Ipoh
TXD93SPI,female,41,Mop,4.564209270740172,9,41.077883436661544,cash,Johor Bahru
Z86RL79I,female,23,Air Freshener,3.9308475802137135,4,15.723390320854854,cash,Pulau Pinang
3RQIPYUU,female,55,Paper Towels,4.697417701976486,1,4.697417701976486,card,Seremban
YOMENUS8,female,25,Towel,5.485462099681762,4,21.941848398727046,cash,Pulau Pinang
8SCHUI1T,male,26,Laundry Basket,9.723256179601709,8,77.78604943681367,card,Ipoh
JJJZT3RP,male,48,Dish Soap,8.702812709317973,4,34.81125083727189,e-wallet,Kuala Lumpur
GJ60T3VS,female,41,Trash Can,2.7989962239021704,4,11.195984895608682,cash,Pulau Pinang
S4QU5NVE,male,27,Paper Towels,3.606821821262617,7,25.24775274883832,cash,Seremban
S01HFQXE,female,41,Sponge,1.0975503883832123,8,8.780403107065698,card,Seremban
4MYQ7WKX,female,57,Laundry Basket,6.159003654052963,1,6.159003654052963,card,Pulau Pinang
TOI1XC2Y,male,55,Toilet Paper,3.208820881853497,1,3.208820881853497,cash,Pulau Pinang
2RW15SET,male,28,Hand Soap,2.2258419094213813,10,22.258419094213814,cash,Seremban
AXBM5MLQ,female,43,Paper Towels,7.163518445389081,7,50.14462911772357,card,Ipoh
PN3XUYHK,male,54,Detergent,2.024751752028031,6,12.148510512168187,cash,Pulau Pinang
J8P7IBFK,male,43,Trash Bags,3.373256334384294,10,33.73256334384294,cash,Johor Bahru
NKIIJBV3,female,33,Toilet Paper,2.9751643718419363,5,14.875821859209681,e-wallet,Johor Bahru
NP1NK49H,female,26,Air Freshener,8.985568973310716,4,35.942275893242865,cash,Kuala Lumpur
G6LJFQIS,female,35,Toilet Brush,8.821120545001456,7,61.74784381501019,cash,Kuala Lumpur
6LI6JRGF,female,18,Broom,4.46643604710612,1,4.46643604710612,cash,Johor Bahru
ZWDSL76Y,female,21,All-Purpose Cleaner,5.4064382100619195,9,48.65794389055728,cash,Johor Bahru
9CX4ILL8,male,23,Dish Soap,7.56787939492885,9,68.11091455435965,card,Pulau Pinang
0R56VRJE,male,44,Broom,5.872632096488161,7,41.108424675417126,cash,Kuala Lumpur
HZE5934C,male,26,Trash Can,6.945147808518691,9,62.506330276668216,card,Johor Bahru
G3IZQ5UT,male,24,Towel,8.513108799605623,3,25.53932639881687,e-wallet,Kuala Lumpur
XXNB0BBN,female,46,Mop,9.820003039419559,9,88.38002735477603,card,Seremban
WO8JBODX,male,39,Trash Bags,9.125790971517517,7,63.88053680062262,e-wallet,Johor Bahru
V497D8JK,male,42,Detergent,7.850938491331327,5,39.254692456656635,cash,Ipoh
8PWKVQJA,female,22,Dish Soap,3.338119141908771,5,16.690595709543853,e-wallet,Kuala Lumpur
872YZ9OA,male,51,Laundry Basket,6.745709318697949,10,67.45709318697949,e-wallet,Kuala Lumpur
ZFNL6MGY,female,18,Sponge,8.394813683133687,1,8.394813683133687,e-wallet,Ipoh
LBSKDYJF,female,28,Mop,3.6413409886225767,8,29.130727908980614,card,Kuala Lumpur
267K21YL,male,28,Detergent,3.108905684474614,6,18.653434106847683,card,Pulau Pinang
POR8UDCW,female,24,Sponge,2.8023916244970764,6,16.814349746982458,cash,Johor Bahru
JPZQOQ1A,female,46,Laundry Basket,7.884058752081422,6,47.30435251248853,card,Seremban
OTSYY1NX,female,38,Toilet Paper,7.217916821094887,9,64.96125138985398,e-wallet,Seremban
HVCVXD3Y,female,32,Sponge,4.062056324846864,10,40.62056324846864,e-wallet,Ipoh
O00VFW9E,male,40,All-Purpose Cleaner,5.732671630031894,8,45.86137304025515,e-wallet,Seremban
VFP47RN2,male,50,Toilet Brush,1.372906432795582,5,6.86453216397791,cash,Ipoh
NXNIMFXC,male,40,Sponge,8.780463632561416,6,52.6827817953685,cash,Kuala Lumpur
4JGN8Q3X,male,26,All-Purpose Cleaner,1.6243754352142983,3,4.873126305642895,cash,Seremban
12VFCKR4,male,25,Hand Soap,1.2363417970519337,9,11.127076173467403,card,Johor Bahru
M5F2KEFG,female,33,Laundry Basket,3.438337486214722,3,10.315012458644166,e-wallet,Ipoh
9AEFC6CA,male,54,Mop,8.916150426532184,6,53.4969025591931,e-wallet,Seremban
XTYP8Q3L,male,49,Detergent,5.5155539470186365,5,27.577769735093185,card,Pulau Pinang
V18369E3,male,58,All-Purpose Cleaner,1.9360204452293694,3,5.808061335688109,cash,Seremban
CMWOSSVS,female,33,Hand Soap,5.964855224914958,3,17.894565674744875,card,Johor Bahru
10UBEDGU,male,24,Toilet Brush,5.567913910630582,10,55.679139106305826,cash,Seremban
VPQHKBBV,male,23,Detergent,3.628142858922415,8,29.02514287137932,cash,Pulau Pinang
A1HJ4A67,female,59,Sponge,3.8589583525197826,5,19.294791762598912,e-wallet,Johor Bahru
FZK29B3C,male,19,All-Purpose Cleaner,8.577713198743517,6,51.4662791924611,cash,Johor Bahru
353LEEJT,male,30,Mop,6.914453939527028,5,34.572269697635136,card,Johor Bahru
8RSFSYQ7,male,61,Broom,3.5524462534075845,9,31.97201628066826,cash,Pulau Pinang
0FVVA5YW,female,35,Toilet Paper,7.234728139135424,6,43.40836883481254,e-wallet,Seremban
66BVRPR3,male,23,Paper Towels,7.956016833597725,1,7.956016833597725,e-wallet,Pulau Pinang
CVFNF6PQ,female,40,Laundry Basket,9.36598025578953,9,84.29382230210578,cash,Pulau Pinang
Q6LFIN9A,male,23,Towel,9.554172028494433,8,76.43337622795546,card,Ipoh
C5CIGHJZ,male,42,Paper Towels,1.0872446633329358,6,6.523467979997615,cash,Kuala Lumpur
UCK3DNPA,male,23,Toilet Brush,7.940514252519113,4,31.76205701007645,cash,Pulau Pinang
T9Y4ZBJJ,female,23,Toilet Brush,1.6398339975551108,10,16.39833997555111,card,Ipoh
7T9HAVDV,female,35,Air Freshener,5.558475393551787,4,22.23390157420715,card,Ipoh
4ZOZIXON,male,21,All-Purpose Cleaner,1.6795636026374368,6,10.07738161582462,cash,Kuala Lumpur
V5O9TNO5,male,57,Detergent,6.780357382842895,10,67.80357382842895,card,Kuala Lumpur
5V5N5WPY,female,54,Air Freshener,2.308891554131855,5,11.544457770659275,cash,Ipoh
Z1MN7W42,male,54,All-Purpose Cleaner,7.773648725604828,7,54.4155410792338,card,Ipoh
DYKJQXX0,female,43,Air Freshener,9.98499192451252,8,79.87993539610017,card,Pulau Pinang
UNEKJOPK,female,29,Air Freshener,1.175680529692116,5,5.87840264846058,cash,Seremban
7PA957J9,male,51,Trash Can,1.53915428495703,1,1.53915428495703,e-wallet,Seremban
WIHMTUUH,female,54,Laundry Basket,2.6048642800873147,10,26.048642800873147,cash,Kuala Lumpur
XMJT7GP9,male,25,Broom,1.434300044018762,7,10.040100308131334,card,Johor Bahru
U3LTN4XB,female,60,Hand Soap,4.5505025668169035,7,31.853517967718325,e-wallet,Pulau Pinang
7GO0GUCV,male,42,Mop,9.776899735132604,3,29.330699205397814,card,Ipoh
SCQ113B5,female,48,Toilet Brush,1.32245770042119,5,6.612288502105949,card,Pulau Pinang
W0URYR4F,male,26,Towel,3.893547184845283,10,38.93547184845283,cash,Ipoh
121RKMLS,female,31,Towel,1.5072039423996701,10,15.072039423996701,cash,Pulau Pinang
HBEJU602,female,27,Sponge,8.661959153568493,1,8.661959153568493,card,Ipoh
BA66Q9Q5,male,32,Toilet Brush,6.108766423648535,5,30.543832118242676,cash,Johor Bahru
21VMF9JB,male,21,All-Purpose Cleaner,4.582634327634815,2,9.16526865526963,cash,Seremban
7QIUF821,female,53,Mop,9.145595728170948,2,18.291191456341895,e-wallet,Pulau Pinang
5GXGIMGK,male,47,Hand Soap,6.4623941737353405,7,45.236759216147384,cash,Ipoh
0SIBBTCF,male,38,Sponge,6.682118237123646,4,26.728472948494584,cash,Pulau Pinang
ZL04PJOD,male,40,Laundry Basket,4.8439584355251615,5,24.219792177625806,e-wallet,Seremban
QEC7H8HE,female,58,Mop,7.641293190471062,3,22.923879571413188,cash,Pulau Pinang
CGJR7OIY,female,59,Hand Soap,4.1363546249964696,2,8.272709249992939,e-wallet,Kuala Lumpur
69DX7KUG,male,39,All-Purpose Cleaner,9.386565214969968,2,18.773130429939936,card,Kuala Lumpur
XQ9WMRAB,male,56,Paper Towels,6.5515980690457285,1,6.5515980690457285,cash,Pulau Pinang
6PVC8ZI5,male,21,Hand Soap,5.417892874928859,9,48.761035874359735,e-wallet,Ipoh
PX6QCB63,male,44,Detergent,1.6684877889766185,1,1.6684877889766185,cash,Johor Bahru
NNRG0RKG,female,35,Laundry Basket,8.343926604063673,5,41.71963302031837,cash,Johor Bahru
9YLF37DT,female,42,All-Purpose Cleaner,4.423043462477507,10,44.23043462477507,e-wallet,Kuala Lumpur
LC7TEJHU,female,44,Toilet Brush,2.604003544862458,5,13.02001772431229,cash,Ipoh
JJ1SG553,male,33,Paper Towels,8.542468820693113,8,68.3397505655449,e-wallet,Johor Bahru
MJEPIW4O,female,33,Hand Soap,1.3201652918598994,6,7.920991751159397,cash,Seremban
C1AIM59X,female,36,Broom,7.620689554244738,10,76.20689554244737,e-wallet,Johor Bahru
6FT0S7BV,female,53,Air Freshener,7.46497223981453,2,14.92994447962906,card,Pulau Pinang
1ERF9GX3,male,32,Mop,3.752878258924004,9,33.77590433031604,e-wallet,Kuala Lumpur
E04EC4HX,male,20,Broom,3.9847377121978824,5,19.92368856098941,e-wallet,Seremban
WGWUYQKP,male,28,Trash Can,6.969905072240443,8,55.75924057792354,cash,Kuala Lumpur
25E49A0I,male,37,Dish Soap,9.516113425063214,4,38.064453700252855,e-wallet,Johor Bahru
845QV71N,female,30,Paper Towels,1.0129871132354877,8,8.103896905883902,card,Seremban
PP4T33D3,male,52,Dish Soap,3.182898858157067,9,28.646089723413603,e-wallet,Johor Bahru
8JF4KZUY,male,53,Hand Soap,8.776202962055258,7,61.43342073438681,cash,Seremban
NELC3ZZ3,female,45,Toilet Brush,8.077311915592315,5,40.38655957796158,card,Johor Bahru
OVOHW8PX,male,46,Toilet Brush,4.416117321876783,10,44.16117321876783,cash,Pulau Pinang
8XGEMYUT,male,36,Mop,3.942170275057564,1,3.942170275057564,card,Pulau Pinang
BA397QK5,female,43,Dish Soap,7.609376124249251,3,22.828128372747752,card,Ipoh
6HCYDFX6,female,60,Towel,4.0916575716177075,2,8.183315143235415,card,Seremban
F1C9WP0Z,male,29,Detergent,6.786202690762589,2,13.572405381525178,e-wallet,Ipoh
BT1W9MPP,female,59,Broom,7.962127737658262,5,39.81063868829131,cash,Seremban
53VLYDEI,male,27,All-Purpose Cleaner,5.8522801264996875,8,46.8182410119975,e-wallet,Seremban
TX5LUI5P,female,25,Mop,5.64186780072672,6,33.85120680436032,e-wallet,Kuala Lumpur
IJ5COYT8,female,60,All-Purpose Cleaner,9.724250387696953,4,38.89700155078781,card,Johor Bahru
RK0B2TVL,male,28,Dish Soap,5.273770534008989,7,36.91639373806292,card,Seremban
00YWST7D,female,33,Towel,2.6966874021911793,7,18.876811815338254,e-wallet,Seremban
SKWVKEHH,female,55,Hand Soap,5.333168117539746,1,5.333168117539746,cash,Seremban
FP8CSJAS,female,38,Trash Bags,3.3505150207251164,10,33.50515020725116,card,Seremban
ZQUO8WYX,female,51,Towel,9.998710061119624,9,89.98839055007662,e-wallet,Ipoh
LU7YXMKY,female,39,Broom,8.362006886488757,3,25.08602065946627,e-wallet,Johor Bahru
GPX8YR56,female,57,Toilet Paper,9.352331880450011,10,93.52331880450011,card,Seremban
K1H8W02A,male,58,Mop,6.490298082018613,10,64.90298082018613,e-wallet,Ipoh
2GYX457Q,male,26,Dish Soap,8.244069328233977,1,8.244069328233977,e-wallet,Seremban
2KJJ8IF1,female,60,Air Freshener,5.7886493428359955,5,28.943246714179978,e-wallet,Kuala Lumpur
ZKTFSRW5,female,58,Trash Bags,9.912903835069066,6,59.4774230104144,card,Pulau Pinang
XJAVWQ7B,female,58,All-Purpose Cleaner,4.522016389813229,4,18.088065559252914,e-wallet,Johor Bahru
TDI1XBCG,female,31,Air Freshener,8.851070148635237,5,44.25535074317619,cash,Johor Bahru
HOLB09D2,male,21,All-Purpose Cleaner,3.714856237525762,3,11.144568712577286,cash,Seremban
AOO4XY5Y,male,18,Paper Towels,3.3304070383238207,3,9.991221114971463,cash,Johor Bahru
CCWICF17,female,57,All-Purpose Cleaner,7.736527294774756,5,38.682636473873785,cash,Pulau Pinang
1UD2UR8G,female,47,Hand Soap,1.0887999251018616,1,1.0887999251018616,card,Johor Bahru
1V3E7AUA,male,33,Trash Can,7.224622531802787,2,14.449245063605574,e-wallet,Pulau Pinang
LDFL6YGE,male,48,Trash Can,3.732893550815218,7,26.130254855706525,e-wallet,Johor Bahru
ONUJKTEX,female,38,Laundry Basket,9.471397259048526,4,37.885589036194105,e-wallet,Johor Bahru
R5BB0P67,male,22,Toilet Brush,7.884397752796672,5,39.42198876398336,e-wallet,Seremban
7AJMR8R5,male,40,Toilet Brush,6.038053063037018,4,24.15221225214807,e-wallet,Ipoh
MPARAGOZ,male,41,Detergent,6.8460467054232,2,13.6920934108464,cash,Ipoh
I3CG3ALG,male,43,Sponge,7.605263646904136,10,76.05263646904136,card,Seremban
8DCDDBFK,female,61,Trash Can,8.443804969982562,7,59.10663478987793,card,Seremban
41AILCZF,male,61,Detergent,8.107624157275232,5,40.53812078637616,e-wallet,Pulau Pinang
3AZ7J957,male,23,Trash Can,1.4205830861067126,5,7.102915430533563,cash,Ipoh
35XVSNI8,male,23,All-Purpose Cleaner,4.990813252458942,8,39.926506019671535,e-wallet,Pulau Pinang
CJYEOULX,female,27,Laundry Basket,4.2949884662074735,6,25.76993079724484,card,Pulau Pinang
1PYD3Q04,female,59,Hand Soap,4.359209376851407,7,30.514465637959848,card,Pulau Pinang
OV4QPXHV,female,28,Towel,4.260539072294836,9,38.344851650653524,card,Kuala Lumpur
MO2248SA,male,27,Toilet Brush,4.202874337992458,5,21.01437168996229,card,Ipoh
PUFFBTD8,male,38,All-Purpose Cleaner,7.3631894167364065,3,22.08956825020922,card,Ipoh
ZCHT9NDC,male,38,Broom,9.654067836919783,4,38.61627134767913,card,Kuala Lumpur
CW3TKN41,female,36,Towel,9.987332343272373,1,9.987332343272373,cash,Pulau Pinang
XCF2JUHP,female,45,Toilet Paper,6.101516272819348,4,24.40606509127739,e-wallet,Johor Bahru
7CXOEH2B,female,30,Mop,9.56785351979964,4,38.27141407919856,cash,Seremban
X2R3UHFE,male,19,Air Freshener,7.842492870701439,1,7.842492870701439,card,Ipoh
L3GQP1FR,female,60,Paper Towels,2.561479457453881,5,12.807397287269405,card,Kuala Lumpur
518DUJK8,female,56,Mop,3.2737507039851867,10,32.73750703985187,e-wallet,Pulau Pinang
B9WKWFXP,male,25,Laundry Basket,8.047557102726998,6,48.28534261636199,cash,Seremban
JT0YOA36,male,21,Dish Soap,6.850150177997252,7,47.951051245980764,card,Kuala Lumpur
ROI7JKW7,male,44,Detergent,5.987690163042501,2,11.975380326085002,e-wallet,Kuala Lumpur
D10AMRTD,male,31,All-Purpose Cleaner,4.5688100081131875,1,4.5688100081131875,e-wallet,Johor Bahru
QK57OJXW,male,29,Paper Towels,5.453159507625791,10,54.53159507625791,card,Ipoh
4DYJPKQ4,male,30,Trash Bags,3.496453289794472,5,17.48226644897236,card,Ipoh
TA4T4T2F,female,30,Trash Bags,8.014340802362764,6,48.08604481417658,cash,Seremban
UMJBYJYQ,female,61,All-Purpose Cleaner,2.2864390311773963,3,6.859317093532189,card,Pulau Pinang
T27IK97S,male,55,Toilet Paper,8.163697870840345,1,8.163697870840345,e-wallet,Ipoh
H76XZPC8,male,21,Air Freshener,1.821549153604183,5,9.107745768020916,e-wallet,Ipoh
BYTQ3E0D,female,50,Paper Towels,6.2315033026264,3,18.6945099078792,card,Ipoh
8WLFML21,female,48,Broom,3.912459267706209,4,15.649837070824836,card,Pulau Pinang
AUF4KSHL,male,60,Dish Soap,6.042980304971815,7,42.300862134802706,cash,Johor Bahru
I6DD8Q3I,female,60,Detergent,7.123075520078928,8,56.98460416063143,e-wallet,Kuala Lumpur
ZVKC5WYP,female,34,Air Freshener,3.0120893639236934,8,24.096714911389547,cash,Pulau Pinang
Q2SM5KGB,male,44,All-Purpose Cleaner,1.9390286384524869,4,7.756114553809947,cash,Seremban
Y8AOAUSW,female,38,Broom,8.12601630401257,9,73.13414673611312,cash,Pulau Pinang
ICP832OH,male,48,Towel,1.707777762887706,2,3.415555525775412,card,Seremban
YSX12ZLB,male,58,Toilet Paper,9.647936669844928,7,67.5355566889145,cash,Kuala Lumpur
9ICENYMW,female,31,Air Freshener,6.8872860905277395,8,55.098288724221916,card,Ipoh
12VRA726,female,58,Sponge,7.029189185336698,5,35.14594592668349,card,Kuala Lumpur
Q3FPBR8J,male,19,Toilet Paper,3.0170746895432057,5,15.085373447716028,e-wallet,Kuala Lumpur
HQ2ILY2Q,male,28,Sponge,8.14002043613969,3,24.42006130841907,card,Pulau Pinang
6Z96VYRH,male,19,Detergent,8.952105132572546,5,44.76052566286273,card,Pulau Pinang
L4Z38VYD,male,23,Sponge,3.6796981733729135,6,22.078189040237483,e-wallet,Johor Bahru
HV7ZLHXM,female,35,Air Freshener,3.3582214559755874,7,23.50755019182911,e-wallet,Kuala Lumpur
BF807ATO,female,33,Sponge,3.0176148732083643,9,27.15853385887528,card,Kuala Lumpur
TTMQA3XE,male,44,Toilet Paper,8.255847536742406,7,57.79093275719684,card,Seremban
5KSPM7WA,male,24,Mop,1.8494047476308304,2,3.698809495261661,e-wallet,Johor Bahru
ZO2WW5YK,female,45,All-Purpose Cleaner,8.471433496468592,5,42.35716748234296,card,Pulau Pinang
F9FA67FP,male,35,Trash Bags,5.120164478632757,6,30.720986871796544,cash,Seremban
ZV1SJB7S,female,56,Dish Soap,1.8599965075864873,10,18.599965075864873,card,Johor Bahru
J9HVZWZM,male,60,Laundry Basket,6.797624732932904,8,54.38099786346323,cash,Seremban
E2DO6FPK,female,45,Broom,6.409273542196148,8,51.274188337569186,e-wallet,Johor Bahru
9JCE2FD1,male,32,Air Freshener,7.703661988908115,8,61.62929591126492,cash,Pulau Pinang
OSZH8EZJ,female,30,All-Purpose Cleaner,1.7546371231370088,2,3.5092742462740176,cash,Johor Bahru
YPNFDF75,male,52,Toilet Brush,4.140472240674328,1,4.140472240674328,e-wallet,Pulau Pinang
J243DMMQ,female,58,Hand Soap,4.912285433726227,4,19.64914173490491,e-wallet,Kuala Lumpur
FL16KJ7M,male,50,Towel,3.589716433235012,3,10.769149299705036,cash,Pulau Pinang
JCV052ZS,male,41,Mop,4.53201710613793,5,22.66008553068965,cash,Ipoh
AV8GKMC3,female,54,Mop,9.685666612832062,2,19.371333225664124,cash,Ipoh
RYS23XT7,male,33,Towel,2.5872441042701873,2,5.1744882085403745,cash,Kuala Lumpur
QUPOLP19,female,38,Towel,1.3065254355540237,2,2.6130508711080473,e-wallet,Pulau Pinang
2N5RSIRI,male,25,Toilet Paper,3.633514360160593,3,10.900543080481778,card,Ipoh
5MFCCBAL,male,28,Toilet Brush,4.318830051876079,2,8.637660103752157,e-wallet,Seremban
XHQ3KZVN,female,39,Toilet Brush,2.35292846854193,8,18.82342774833544,e-wallet,Kuala Lumpur
CYDYYXOR,male,58,Air Freshener,4.981691538249411,2,9.963383076498822,cash,Johor Bahru
8635W9AP,male,48,Hand Soap,4.515836081790866,3,13.547508245372597,e-wallet,Johor Bahru
F0OXVLL2,female,54,Toilet Paper,2.7308097503043727,1,2.7308097503043727,cash,Pulau Pinang
KPJRRC99,male,61,Hand Soap,3.8581522868361007,9,34.723370581524904,e-wallet,Johor Bahru
F6OMRFD1,male,18,Laundry Basket,2.416750123105222,6,14.500500738631331,e-wallet,Kuala Lumpur
YDW6YRV9,male,24,Sponge,1.4068568026965456,2,2.813713605393091,e-wallet,Ipoh
GCDGSD8E,female,44,Broom,7.666421196005455,2,15.33284239201091,cash,Pulau Pinang
GA841736,female,36,Toilet Brush,4.951364193345657,5,24.756820966728284,card,Pulau Pinang
KQD4Q6Z4,male,59,Mop,4.857247887021487,4,19.428991548085946,e-wallet,Ipoh
WMS04SM0,male,20,Trash Can,3.4675338927476647,1,3.4675338927476647,cash,Pulau Pinang
9PPKYROH,female,55,Dish Soap,1.423844490021882,7,9.966911430153175,cash,Johor Bahru
XN2MCXER,male,28,Laundry Basket,9.31543962835501,4,37.26175851342004,cash,Kuala Lumpur
G8MECTYR,female,47,Air Freshener,7.9170062921551585,6,47.50203775293095,cash,Pulau Pinang
82VBDCMV,male,49,Detergent,3.714343301153283,9,33.42908971037955,card,Kuala Lumpur
L98VPL3B,male,54,Sponge,3.069634056387912,5,15.34817028193956,e-wallet,Ipoh
W32RIVQ5,female,52,Mop,8.78219802994587,1,8.78219802994587,e-wallet,Pulau Pinang
GS95EPTG,female,35,Sponge,5.648519392660571,1,5.648519392660571,e-wallet,Pulau Pinang
30KWSQ8H,female,25,All-Purpose Cleaner,1.380632311996316,10,13.80632311996316,card,Pulau Pinang
C1GHHLSF,female,34,Hand Soap,8.67959593863468,10,86.7959593863468,cash,Kuala Lumpur
WQSBX1FG,female,23,All-Purpose Cleaner,1.0406037551198053,5,5.203018775599027,card,Johor Bahru
AMDF7YFJ,female,57,Sponge,9.443124464773847,4,37.77249785909539,card,Kuala Lumpur
0ORPNSRF,female,22,Mop,1.9913415558494019,4,7.9653662233976075,e-wallet,Johor Bahru
PDQ7NVWQ,male,59,Dish Soap,6.155625126141175,6,36.933750756847054,card,Seremban
GVX0NGZV,female,37,Paper Towels,7.973369026420642,10,79.73369026420642,e-wallet,Pulau Pinang
J2F34ISC,male,50,Trash Can,1.324165886464768,2,2.648331772929536,card,Johor Bahru
VV46UNCW,male,44,Detergent,2.470417985975969,7,17.292925901831783,cash,Ipoh
RD5PRT8Y,female,50,All-Purpose Cleaner,6.064506124748357,3,18.193518374245073,cash,Seremban
066KQZ3C,female,52,Detergent,5.264240175019439,2,10.528480350038878,e-wallet,Johor Bahru
MQS3A9LA,male,39,Mop,7.862789252629567,3,23.5883677578887,card,Seremban
E28LLW9N,female,55,Hand Soap,2.7372973044775213,9,24.635675740297692,card,Johor Bahru
9M5YCC2H,male,18,Toilet Brush,3.3895516152151477,3,10.168654845645444,cash,Pulau Pinang
FGDFUNQG,female,53,Dish Soap,3.6649706566598352,3,10.994911969979505,e-wallet,Ipoh
Y5YGAUXZ,male,18,Sponge,6.504677857614224,5,32.52338928807112,card,Pulau Pinang
YZ32WKOG,male,60,Trash Can,8.797750038581533,5,43.988750192907666,card,Pulau Pinang
G8JTVTIC,female,51,Toilet Paper,8.993839021888519,4,35.975356087554076,e-wallet,Seremban
CC08N4HC,male,59,All-Purpose Cleaner,2.500964947589479,1,2.500964947589479,e-wallet,Ipoh
GBG0EKMB,male,37,Laundry Basket,4.404743137152972,7,30.833201960070806,card,Kuala Lumpur
HFMTXOBJ,female,58,Towel,7.037940602138359,5,35.189703010691794,e-wallet,Kuala Lumpur
EQDDI3ZW,female,22,Towel,3.3335045786430992,2,6.6670091572861985,e-wallet,Pulau Pinang
ROH8OD9A,female,20,Toilet Brush,4.525683198388093,6,27.15409919032856,card,Pulau Pinang
TBDDNO4E,male,48,Sponge,4.643857917286328,2,9.287715834572657,card,Pulau Pinang
P7P4CG9V,male,33,Trash Bags,8.096815743619214,7,56.67771020533449,card,Pulau Pinang
U2FIB2OZ,male,39,Trash Bags,3.4401284827043463,10,34.40128482704346,e-wallet,Kuala Lumpur
AHAUVL67,female,31,Trash Bags,2.3264076719562485,5,11.632038359781243,card,Johor Bahru
DWPEBQVH,male,45,Towel,7.525312909973707,3,22.57593872992112,card,Ipoh
2I0LT4CN,male,19,Broom,5.004824781998291,2,10.009649563996582,cash,Johor Bahru
A32ZCTZX,male,31,All-Purpose Cleaner,9.042132290057014,10,90.42132290057013,cash,Seremban
7QSNHGHJ,female,38,Trash Can,8.023780014538787,2,16.047560029077573,cash,Ipoh
DMSKK9GX,female,48,Laundry Basket,2.5128462227878967,4,10.051384891151587,card,Johor Bahru
BDM87NHN,male,43,Broom,7.653196654937878,5,38.26598327468939,card,Ipoh
J301GOR6,female,28,Trash Can,9.547443579890107,5,47.737217899450535,cash,Kuala Lumpur
BLU69B7Y,female,18,Detergent,4.552875762314979,1,4.552875762314979,cash,Pulau Pinang
QBKFDYF1,female,47,Paper Towels,5.144144602949623,9,46.29730142654661,card,Kuala Lumpur
2X0PD8PR,female,61,Paper Towels,1.664479061469744,5,8.322395307348721,card,Kuala Lumpur
ZDGWEHA4,male,23,Mop,3.219032703244604,10,32.19032703244604,cash,Pulau Pinang
XGHJTVGH,female,44,Trash Bags,6.817426935738008,4,27.269707742952033,card,Ipoh
H04ZWXK9,male,46,Sponge,6.653993178564265,3,19.961979535692798,e-wallet,Seremban
RARSDAHQ,female,27,Air Freshener,3.2276861159068346,8,25.821488927254677,card,Pulau Pinang
2NPWTSNB,female,20,Trash Bags,2.838192644561394,7,19.867348511929755,card,Pulau Pinang
P6RRE8Y6,male,31,All-Purpose Cleaner,8.398610886698565,5,41.99305443349282,e-wallet,Kuala Lumpur
ELO20Y39,female,20,Towel,1.3921941899837953,9,12.529747709854158,e-wallet,Seremban
HBVDECQ9,female,57,Laundry Basket,1.8956543964408177,4,7.582617585763271,card,Seremban
2AEWKOQY,female,49,Dish Soap,8.981097642391315,7,62.867683496739204,cash,Johor Bahru
B1Q7OFW1,female,56,Paper Towels,9.929962925752365,5,49.649814628761824,cash,Kuala Lumpur
UF4S62YZ,female,32,Towel,4.9660956870727535,4,19.864382748291014,cash,Seremban
G6REYUF7,male,53,Toilet Paper,5.2065404294569735,3,15.61962128837092,cash,Ipoh
I18CVQQO,male,46,Toilet Brush,5.233421440303,5,26.167107201515,card,Seremban
IUSO4DVQ,male,40,Laundry Basket,3.338947321315329,2,6.677894642630658,cash,Seremban
ZJZ7K1J9,male,45,Mop,3.9679554164650366,5,19.839777082325185,e-wallet,Seremban
QQUV52R2,female,55,Sponge,3.1195297078108237,6,18.717178246864943,e-wallet,Seremban
0SLT4NEH,female,19,All-Purpose Cleaner,1.2987949858544163,7,9.091564900980915,cash,Johor Bahru
DD4A1TV3,male,43,Trash Bags,9.727967925138044,4,38.911871700552176,cash,Seremban
4PBBCSH5,female,24,Laundry Basket,2.5889164986089046,1,2.5889164986089046,e-wallet,Johor Bahru
T16A0VRA,male,27,Air Freshener,2.7230542240416065,4,10.892216896166426,card,Johor Bahru
O3NK1EI9,male,31,Trash Bags,7.700474724445799,10,77.00474724445799,cash,Kuala Lumpur
MFLD4PVF,male,59,Laundry Basket,1.091629549074352,7,7.641406843520464,cash,Pulau Pinang
Y5N49GG5,female,22,Paper Towels,6.850261452411893,3,20.55078435723568,cash,Seremban
E6SGS4OV,male,20,Hand Soap,1.8612455347456265,9,16.751209812710638,e-wallet,Kuala Lumpur
TE366BR6,female,41,Trash Can,8.997262652299936,7,62.98083856609955,cash,Pulau Pinang
IDUW79M3,male,46,Laundry Basket,1.6629217433965495,10,16.629217433965493,card,Seremban
8KSH9DBU,male,58,Trash Can,4.680851422057103,7,32.76595995439972,e-wallet,Kuala Lumpur
GI6QR6MZ,male,56,Mop,2.2626581458492745,6,13.575948875095648,cash,Pulau Pinang
XTLOFKB4,female,39,Detergent,4.880453425104384,6,29.2827205506263,cash,Ipoh
0S9QOJ0X,male,29,Dish Soap,2.548245624510942,6,15.289473747065653,cash,Johor Bahru
R8X8KYCP,male,35,Towel,2.76651754354363,10,27.6651754354363,e-wallet,Ipoh
BSHZ3OTI,female,36,Detergent,5.673678460868521,10,56.73678460868521,cash,Johor Bahru
986A0SXD,male,21,Detergent,1.4723564660770427,6,8.834138796462256,card,Ipoh
EYAVXYVE,female,32,Mop,8.71586049102406,8,69.72688392819248,e-wallet,Seremban
JZAB66SA,female,29,Toilet Paper,7.450150157385895,6,44.70090094431537,e-wallet,Kuala Lumpur
2OGXHMIC,female,20,All-Purpose Cleaner,8.727509469539898,10,87.27509469539898,card,Johor Bahru
L64UFCQS,male,37,Broom,9.411337421108051,9,84.70203678997245,cash,Seremban
4FUNLIBV,female,33,Hand Soap,8.009911365773888,9,72.089202291965,cash,Seremban
D68A6AGT,female,30,Trash Bags,5.499988309015785,9,49.49989478114206,card,Kuala Lumpur
BMYX9FZV,male,37,Air Freshener,4.46391853790788,4,17.85567415163152,e-wallet,Johor Bahru
4HRGOPJ7,male,47,Trash Bags,9.326151874590241,6,55.95691124754145,e-wallet,Kuala Lumpur
5GBUZE6F,male,22,Detergent,4.895841526584274,8,39.16673221267419,card,Kuala Lumpur
AQIDICKU,male,38,Hand Soap,3.7527898061433578,6,22.516738836860146,e-wallet,Seremban
VZZSZZD4,male,37,Toilet Paper,4.330379774616115,3,12.991139323848344,card,Seremban
16SWGG4Q,male,51,Detergent,1.0323140722972692,8,8.258512578378154,e-wallet,Johor Bahru
G92MOGFO,female,24,Sponge,2.600297791110321,5,13.001488955551606,e-wallet,Kuala Lumpur
VN863XQO,female,26,Toilet Paper,1.0249839776981526,5,5.124919888490763,card,Kuala Lumpur
G4818D1R,male,58,Toilet Brush,9.434198723076324,2,18.86839744615265,e-wallet,Kuala Lumpur
6ZAGVTQU,female,58,Air Freshener,7.3976145954142,1,7.3976145954142,card,Johor Bahru
I9QRS8QW,male,31,Air Freshener,7.344669148671672,5,36.72334574335836,card,Pulau Pinang
ZTK6WYGE,male,44,Broom,2.539707793198098,7,17.777954552386685,cash,Pulau Pinang
U20CGUJS,female,53,Trash Bags,1.5758309693989105,4,6.303323877595642,cash,Pulau Pinang
DIGTCY6B,female,25,Hand Soap,4.039068831284213,10,40.39068831284213,e-wallet,Ipoh
RFL6Z618,female,55,Sponge,5.499022925768516,8,43.99218340614813,e-wallet,Kuala Lumpur
EUE1AHQB,male,31,Toilet Paper,9.593790651814624,9,86.34411586633162,card,Johor Bahru
GA3ZP0SS,male,31,Broom,5.855976686670291,1,5.855976686670291,e-wallet,Johor Bahru
PPNNDX2M,female,49,All-Purpose Cleaner,5.204249022585229,3,15.612747067755686,card,Seremban
ZCML2HEW,female,45,Dish Soap,1.7177840236642328,3,5.153352070992698,card,Kuala Lumpur
JICD33IE,female,19,Detergent,6.2154879572551085,7,43.50841570078576,card,Kuala Lumpur
NKM0RE6M,male,35,Laundry Basket,5.262949492214731,3,15.788848476644194,card,Kuala Lumpur
949GN9MA,male,38,Broom,1.444354323275431,8,11.554834586203448,cash,Pulau Pinang
H9YPEPHG,male,35,Toilet Brush,4.5283910747688445,10,45.283910747688445,card,Ipoh
IQD9WCPD,female,34,Toilet Brush,9.31578058252049,2,18.63156116504098,e-wallet,Pulau Pinang
OE885I4C,female,54,All-Purpose Cleaner,5.96914001336879,1,5.96914001336879,cash,Seremban
PYCB7WON,male,46,Toilet Brush,6.714492971656775,4,26.8579718866271,cash,Pulau Pinang
6QUD3MNW,female,57,Trash Bags,1.8511806751004931,3,5.553542025301479,cash,Ipoh
TJP00RJ9,male,36,Towel,5.513380511960135,4,22.05352204784054,cash,Ipoh
0YRXKZ9Q,female,21,Air Freshener,7.3824800793093965,4,29.529920317237586,card,Pulau Pinang
X1PGS49Z,female,37,Trash Can,1.7578261183667858,8,14.062608946934287,cash,Seremban
WVO3H9VV,male,38,Trash Can,5.639046179738256,1,5.639046179738256,card,Pulau Pinang
JTMSJI6U,male,26,Laundry Basket,1.4820326929909595,10,14.820326929909594,card,Pulau Pinang
XYJ6ALKR,female,51,Broom,6.479876392398689,1,6.479876392398689,card,Seremban
IDQNFINX,male,55,Toilet Paper,1.6419814448884051,5,8.209907224442025,e-wallet,Pulau Pinang
EDVNM5J0,female,30,Trash Can,8.440624854097987,8,67.5249988327839,cash,Johor Bahru
DO42CI0V,male,29,Detergent,2.821609038030696,5,14.10804519015348,cash,Seremban
I8B0LIPF,male,21,Toilet Brush,5.564340828491784,6,33.38604497095071,card,Seremban
UZ9KRVMJ,male,38,Trash Can,2.1726452899353013,2,4.3452905798706025,e-wallet,Kuala Lumpur
US0532J6,female,54,Dish Soap,2.031015850393602,1,2.031015850393602,cash,Ipoh
OF92RPHZ,female,23,Toilet Paper,2.820405908440707,6,16.922435450644244,cash,Kuala Lumpur
KTA6GZ0M,male,31,All-Purpose Cleaner,3.8630520112015208,9,34.76746810081369,cash,Ipoh
AFLF0PB0,female,53,Laundry Basket,1.5367064667837602,5,7.6835323339188015,e-wallet,Pulau Pinang
QEDXIXWJ,male,32,Broom,5.523959383503293,8,44.19167506802634,cash,Kuala Lumpur
NOHR465B,male,18,Sponge,6.818757600589753,1,6.818757600589753,card,Seremban
OVSPAJYP,male,22,Detergent,3.4081650826652288,4,13.632660330660915,card,Johor Bahru
CN0GLPYX,female,21,Toilet Paper,4.485144701620323,10,44.851447016203224,card,Kuala Lumpur
F95541I2,female,50,Dish Soap,7.039758691031555,5,35.19879345515777,e-wallet,Seremban
0YGBKB70,male,38,Toilet Paper,2.3885025577393897,2,4.777005115478779,e-wallet,Johor Bahru
VL8BRGJS,male,40,Trash Can,6.850784700706589,5,34.253923503532945,cash,Seremban
C1G35OJQ,female,42,Towel,4.553408302709184,8,36.42726642167347,cash,Kuala Lumpur
RD02TPDW,male,19,Detergent,7.534007087600112,7,52.738049613200786,cash,Johor Bahru
8LIZFFDP,female,37,Paper Towels,6.548042766050678,7,45.836299362354744,card,Pulau Pinang
ZKN41ORB,male,36,Laundry Basket,9.70221227548997,2,19.40442455097994,cash,Kuala Lumpur
W64EZX5X,female,33,Hand Soap,9.073863117773996,7,63.51704182441797,cash,Ipoh
2DO88PPB,male,57,Mop,8.777458116478465,4,35.10983246591386,card,Johor Bahru
IED5EPZH,female,45,All-Purpose Cleaner,4.822575435220392,6,28.93545261132235,card,Ipoh
TJERFSBU,male,61,Detergent,2.2048957204775266,2,4.409791440955053,card,Ipoh
ECHYW0YO,female,33,Laundry Basket,8.735341119850178,8,69.88272895880142,cash,Pulau Pinang
93ST1680,male,33,All-Purpose Cleaner,8.068590258971081,4,32.274361035884326,cash,Ipoh
ZG0FTIZM,male,35,Trash Can,6.2184129417965135,7,43.52889059257559,card,Ipoh
5ZCA8KMP,female,21,Paper Towels,3.8116610244547346,1,3.8116610244547346,cash,Kuala Lumpur
6SVZJ1NR,female,58,Mop,2.9945906182825244,4,11.978362473130097,e-wallet,Kuala Lumpur
30XO62PV,male,45,Towel,9.522063266986642,1,9.522063266986642,card,Seremban
FXQRE6IH,male,22,Broom,8.54770989219776,5,42.7385494609888,e-wallet,Ipoh
LL045KG9,female,40,Laundry Basket,9.13862454337747,2,18.27724908675494,card,Pulau Pinang
7CYACHUL,female,39,Detergent,2.307014646667146,10,23.07014646667146,cash,Kuala Lumpur
KNEXV6MT,male,38,All-Purpose Cleaner,4.11133387383336,8,32.89067099066688,cash,Ipoh
LVKE1DKW,female,19,All-Purpose Cleaner,2.0565970814810592,1,2.0565970814810592,e-wallet,Pulau Pinang
FR2EHHBY,female,37,Towel,5.172028324212131,6,31.032169945272784,card,Seremban
X5GQK979,male,40,Toilet Paper,8.14660441288093,4,32.58641765152372,e-wallet,Kuala Lumpur
20PR5K0H,male,25,Trash Bags,5.170398875016829,10,51.70398875016829,card,Pulau Pinang
MTUAP2IY,female,38,Laundry Basket,5.511278229593499,3,16.533834688780495,e-wallet,Johor Bahru
IAZX1OUG,female,43,Broom,8.75716653035407,5,43.78583265177035,cash,Kuala Lumpur
ZMK71DPM,female,53,Toilet Brush,4.647295006625404,7,32.531065046377826,e-wallet,Ipoh
HP5MIC01,male,39,Detergent,5.7467912934754715,5,28.733956467377357,cash,Kuala Lumpur
M3Y9I5AA,male,34,Dish Soap,3.6733148510217886,10,36.73314851021789,e-wallet,Pulau Pinang
ZK9KDCAA,female,58,Towel,9.133313229275387,6,54.799879375652324,cash,Johor Bahru
Z5M36VDB,male,61,Air Freshener,5.861206881036344,2,11.722413762072687,cash,Johor Bahru
M0DBAS15,male,58,Dish Soap,5.6174882642870525,3,16.852464792861156,cash,Pulau Pinang
UFAYZ3CM,male,24,Detergent,2.3653322888183803,9,21.287990599365422,e-wallet,Kuala Lumpur
1S5LN8C7,female,41,Laundry Basket,4.171593780614641,10,41.715937806146414,cash,Pulau Pinang
IFHS7L6T,male,61,Detergent,1.2666506997042588,9,11.39985629733833,cash,Ipoh
KI4T0EFC,male,40,Hand Soap,5.969713153887443,3,17.909139461662328,cash,Pulau Pinang
0FDLFMGM,male,53,Trash Bags,2.869922678468934,6,17.219536070813604,cash,Kuala Lumpur
8HOXHV6E,female,51,Broom,5.439629988417005,10,54.39629988417005,e-wallet,Pulau Pinang
K7JCCIA5,female,53,Hand Soap,7.59912152396529,2,15.19824304793058,card,Pulau Pinang
I3E1IFCD,male,31,Hand Soap,1.5414631059244988,1,1.5414631059244988,cash,Kuala Lumpur
6NC9ZVBB,male,28,Sponge,7.020184731087665,1,7.020184731087665,card,Seremban
QNUONMJO,female,36,Trash Can,2.9335005608108395,9,26.401505047297555,cash,Kuala Lumpur
N2935EAT,male,25,Trash Bags,9.518331005583953,4,38.07332402233581,e-wallet,Ipoh
0GQK0MUB,male,39,Toilet Paper,1.5026273539448396,1,1.5026273539448396,e-wallet,Johor Bahru
I6MK0GNV,female,21,Broom,7.449165165233298,2,14.898330330466596,card,Kuala Lumpur
0UOPLZJS,female,34,Air Freshener,5.767894144002317,3,17.30368243200695,cash,Seremban
VWJPZGVW,male,55,All-Purpose Cleaner,4.762375150819295,9,42.86137635737366,cash,Pulau Pinang
SFLJPMIH,female,25,Broom,6.098320358461394,9,54.884883226152546,cash,Pulau Pinang
TSF8AMS9,male,52,Toilet Paper,7.751663818468675,6,46.50998291081205,cash,Pulau Pinang
A173HIE9,male,27,Laundry Basket,2.844994534237274,3,8.534983602711822,e-wallet,Kuala Lumpur
KL1AIYUL,male,31,Dish Soap,2.2848033147145146,9,20.563229832430633,card,Seremban
SQ7UXEES,female,59,Sponge,8.157693348015574,4,32.630773392062295,cash,Seremban
E84QRGLP,female,47,Trash Bags,6.457916140765082,3,19.373748422295247,e-wallet,Pulau Pinang
3256IVY3,male,56,Detergent,2.0226158505608804,6,12.135695103365283,e-wallet,Ipoh
98UXCBB5,male,57,All-Purpose Cleaner,7.351621236565943,3,22.054863709697827,cash,Johor Bahru
E9OCEH28,female,39,Trash Bags,3.8953633898342717,7,27.2675437288399,e-wallet,Johor Bahru
YS49PGCL,female,25,Toilet Paper,8.882087476023568,1,8.882087476023568,e-wallet,Ipoh
VVPXAJ1J,male,19,Toilet Brush,1.1985646155037841,1,1.1985646155037841,e-wallet,Johor Bahru
5PL9U2NU,male,38,Paper Towels,4.789842643828941,3,14.369527931486825,e-wallet,Pulau Pinang
UJX3ETSF,male,36,Laundry Basket,3.503164606677818,5,17.51582303338909,cash,Seremban
21AB8GVD,female,23,Detergent,1.1746634841925485,3,3.5239904525776455,cash,Kuala Lumpur
DK74E07F,male,36,Broom,5.263063715718537,2,10.526127431437073,e-wallet,Seremban
WOX4PB1F,female,24,Hand Soap,7.774414611952883,4,31.097658447811533,cash,Kuala Lumpur
TCGGAZOD,male,39,Trash Bags,9.76998688800359,7,68.38990821602513,e-wallet,Pulau Pinang
1YQVVLTD,female,49,Towel,1.5623768233579218,4,6.249507293431687,e-wallet,Pulau Pinang
AJHZ65BQ,male,51,All-Purpose Cleaner,6.276137005399452,8,50.209096043195615,cash,Pulau Pinang
46TAI6FN,female,21,Air Freshener,2.776915453312191,7,19.438408173185337,card,Ipoh
H0QUIL2V,female,58,Trash Bags,8.05433999600739,8,64.43471996805911,cash,Ipoh
2IR0GAD2,male,45,Toilet Paper,3.1546419972220696,5,15.773209986110349,card,Ipoh
1IOC7Z6G,male,53,Paper Towels,3.6400325981251482,7,25.480228186876037,card,Kuala Lumpur
IY1O47QB,male,26,Laundry Basket,8.102656712169406,5,40.51328356084703,card,Johor Bahru
OEBGZYLW,female,57,Toilet Paper,7.176528926839866,7,50.23570248787907,cash,Ipoh
NFL257ZX,male,48,Towel,9.916327731468806,7,69.41429412028164,e-wallet,Ipoh
U64QAAIW,female,22,Air Freshener,2.8835934692631295,5,14.417967346315647,e-wallet,Kuala Lumpur
XX4P9J5O,male,54,Broom,4.230118318832143,10,42.30118318832143,cash,Seremban
5Y2GOAE1,female,44,Detergent,8.537708533428328,9,76.83937680085495,card,Pulau Pinang
TTNHJNJI,female,18,Paper Towels,6.0235247933637055,10,60.235247933637055,cash,Johor Bahru
RG9HX3W1,male,53,Laundry Basket,2.6314891866722276,6,15.788935120033365,cash,Pulau Pinang
D8FWQ43L,male,45,Towel,6.631025759475682,7,46.41718031632977,card,Kuala Lumpur
F2SD2MI0,male,49,Towel,1.6166453050330818,2,3.2332906100661636,card,Seremban
T9OGV6FK,male,60,Broom,4.206644839475098,7,29.44651387632569,e-wallet,Johor Bahru
SSHIIJ6E,female,53,Laundry Basket,9.790247619073671,5,48.95123809536835,cash,Pulau Pinang
HSA8DVCV,male,48,Toilet Brush,2.705466970968687,10,27.05466970968687,cash,Ipoh
DE9L3HZ5,male,35,Toilet Paper,2.0139980900910324,5,10.069990450455162,card,Pulau Pinang
FUWWNHQO,female,39,Toilet Brush,9.922307254282964,8,79.37845803426372,card,Ipoh
BO1OVWHF,female,33,Hand Soap,7.6331731941771706,9,68.69855874759453,e-wallet,Johor Bahru
EL0IG852,male,19,Broom,3.6249104437920554,4,14.499641775168222,cash,Pulau Pinang
3E812O3C,male,29,Towel,3.0328288174750684,3,9.098486452425206,cash,Johor Bahru
TT0J8KAO,female,29,Broom,3.96555684928091,7,27.75889794496637,cash,Kuala Lumpur
CDQNHQME,female,29,Hand Soap,3.694175179738567,4,14.776700718954269,card,Seremban
T93LL0US,female,60,Hand Soap,9.84082855428492,8,78.72662843427936,cash,Kuala Lumpur
J1AK31MT,female,23,Detergent,2.193547122120145,9,19.741924099081302,card,Seremban
M5PGP1DT,female,23,Broom,8.209654005098864,6,49.25792403059319,cash,Seremban
6EJ0V2SD,female,30,Mop,1.0662352348595021,9,9.596117113735518,cash,Ipoh
J9AJF3HP,male,61,Mop,6.275676880477372,2,12.551353760954743,card,Seremban
HDKP80ER,male,22,Sponge,4.997371482809951,8,39.97897186247961,card,Johor Bahru
W35YMIN1,female,50,Air Freshener,8.818439512254233,9,79.3659556102881,card,Kuala Lumpur
H88W2NU0,female,28,Detergent,3.91380847467144,8,31.31046779737152,card,Johor Bahru
QR6WVU4J,male,27,Air Freshener,9.781029304959368,3,29.343087914878105,e-wallet,Johor Bahru
23PNGKXO,female,52,Towel,7.726973421873609,7,54.08881395311526,card,Pulau Pinang
I08LFSCE,male,52,Paper Towels,8.419104866666958,10,84.19104866666957,e-wallet,Seremban
OPJJ7XF7,male,20,Sponge,7.787953209169063,8,62.30362567335251,e-wallet,Kuala Lumpur
6UE0LUDN,female,39,Sponge,8.74358157369672,10,87.43581573696719,e-wallet,Ipoh
SFKB846O,female,20,Towel,5.561898838833354,2,11.123797677666708,cash,Ipoh
4X6RYSQF,female,33,Air Freshener,3.9295196632363423,5,19.64759831618171,e-wallet,Seremban
V2SMH8C4,male,22,All-Purpose Cleaner,1.2126176569692837,10,12.126176569692838,card,Seremban
LXSDFXF0,male,20,Paper Towels,2.125414057279489,5,10.627070286397444,cash,Pulau Pinang
967J0MXH,male,26,Broom,3.0128799279287666,3,9.0386397837863,card,Johor Bahru
1Y4YPY0V,male,36,Broom,4.099876543307279,6,24.599259259843677,card,Kuala Lumpur
Q8VHWSYA,female,43,All-Purpose Cleaner,6.9852029471515396,2,13.970405894303079,cash,Ipoh
87R0TS3R,female,25,All-Purpose Cleaner,6.474832387283048,5,32.37416193641524,e-wallet,Seremban
E0IOK2HU,female,37,Laundry Basket,7.492800117798443,10,74.92800117798443,card,Johor Bahru
Q2V3Y1BO,male,23,Paper Towels,5.639178698512357,8,45.11342958809885,cash,Seremban
VOXK2HPW,male,18,All-Purpose Cleaner,6.026998966779927,4,24.10799586711971,e-wallet,Johor Bahru
N5HPQD1A,male,44,Hand Soap,8.525017911589034,7,59.67512538112324,card,Ipoh
T5FM6ACC,male,52,Mop,1.1419122612338526,10,11.419122612338526,e-wallet,Johor Bahru
QLF1DGQ9,male,37,Hand Soap,1.3383652018738321,1,1.3383652018738321,card,Johor Bahru
MF8BC8LM,male,34,Trash Can,9.418977287031183,5,47.094886435155914,cash,Seremban
YC115CUL,male,32,Mop,4.6349767532959,6,27.809860519775402,cash,Pulau Pinang
4FTF4JG6,male,25,Toilet Brush,4.188488725695075,9,37.696398531255674,card,Kuala Lumpur
HIVDAF08,female,31,Trash Can,2.2145178279670183,9,19.930660451703165,e-wallet,Kuala Lumpur
N3DZ6FR0,female,45,Broom,5.231791779072259,9,47.08612601165033,cash,Kuala Lumpur
30CX051V,female,46,Towel,7.336348554315,6,44.01809132589,e-wallet,Ipoh
YJ8PAMHA,female,18,Dish Soap,3.472698720237633,6,20.8361923214258,e-wallet,Ipoh
PV0N8YQB,female,58,Toilet Paper,8.833330332311359,4,35.333321329245436,card,Seremban
HCSA32CH,female,58,Paper Towels,6.568422133834539,5,32.8421106691727,e-wallet,Ipoh
1165L1M1,male,40,Mop,3.888567940796763,2,7.777135881593526,cash,Pulau Pinang
VH77DY3J,male,21,Laundry Basket,5.51781687050525,5,27.58908435252625,cash,Pulau Pinang
TEW17ZEQ,female,58,Laundry Basket,6.675597846734513,2,13.351195693469027,e-wallet,Kuala Lumpur
NCJO9YYZ,female,24,Paper Towels,7.7414351094351845,5,38.70717554717592,cash,Johor Bahru
67X3CMWX,female,32,Paper Towels,5.1904881495918165,10,51.90488149591816,card,Ipoh
M5SM6ZJE,female,48,Air Freshener,9.105708078313121,9,81.95137270481808,e-wallet,Pulau Pinang
JHT0E78N,male,25,Paper Towels,6.446785964287593,5,32.23392982143797,cash,Pulau Pinang
0Q2WC8QQ,female,51,Sponge,2.506870655018847,2,5.013741310037694,cash,Seremban
N8W3G5RR,female,52,Trash Bags,3.107245967987988,2,6.214491935975976,e-wallet,Pulau Pinang
WJY3ILWR,female,56,Laundry Basket,7.956991421851083,6,47.7419485311065,card,Pulau Pinang
BIRWW3S4,female,61,Towel,4.165739035338875,3,12.497217106016626,card,Johor Bahru
CTJ9VFXR,male,23,Towel,2.839467971778163,8,22.715743774225302,cash,Johor Bahru
B32RK14N,female,18,Toilet Brush,7.739475409044072,7,54.1763278633085,cash,Pulau Pinang
1M90XXV8,male,57,Laundry Basket,6.808356663494544,4,27.233426653978174,cash,Seremban
LVIN6Z53,male,45,Paper Towels,5.210978969622738,8,41.68783175698191,cash,Seremban
QPGV591N,male,59,Toilet Brush,4.171767283888248,6,25.03060370332949,e-wallet,Pulau Pinang
0F090P87,female,46,Broom,1.710178807573105,1,1.710178807573105,card,Pulau Pinang
Z22Y7LHR,male,31,All-Purpose Cleaner,2.88341911444521,7,20.18393380111647,cash,Ipoh
7FYTCWNN,female,23,Trash Can,9.741930924433529,10,97.4193092443353,e-wallet,Pulau Pinang
6SKVN8XM,male,52,Broom,6.420560481389329,7,44.943923369725304,cash,Ipoh
HIQE5Z6W,female,55,Trash Can,6.496608674706556,2,12.993217349413111,e-wallet,Johor Bahru
45D9VAMC,female,27,Hand Soap,7.455378110736253,6,44.73226866441752,e-wallet,Seremban
5J5L9CAT,male,21,Towel,3.436220460572868,3,10.308661381718604,cash,Seremban
L114XYX5,female,53,Toilet Brush,3.5287331304618803,3,10.586199391385641,cash,Pulau Pinang
XOUYCCKN,female,34,Paper Towels,2.7597142421052205,7,19.317999694736542,cash,Seremban
F3TOYWQA,female,32,Air Freshener,2.7060501069603933,8,21.648400855683146,e-wallet,Ipoh
S7UMJN18,male,50,Mop,1.0547371900113212,3,3.1642115700339635,cash,Kuala Lumpur
BOWEOLA7,male,34,Laundry Basket,4.82218593626089,9,43.399673426348016,card,Kuala Lumpur
4MWBL2ZI,female,44,Trash Bags,2.199049617178462,7,15.393347320249235,e-wallet,Pulau Pinang
IED5D22I,male,40,Trash Bags,9.17277332609752,2,18.34554665219504,e-wallet,Pulau Pinang
HWZHRG33,male,33,Paper Towels,8.284988501801866,4,33.139954007207464,card,Johor Bahru
ZCMMUWXC,male,61,Toilet Brush,9.079115410049962,4,36.31646164019985,card,Johor Bahru
X8UTGUY5,female,46,All-Purpose Cleaner,3.623510714033825,6,21.74106428420295,e-wallet,Seremban
T22DHUHY,female,53,Towel,2.3345791133529454,6,14.007474680117673,cash,Ipoh
A1TIW0GK,male,50,Trash Can,8.983419727836814,3,26.950259183510443,cash,Ipoh
ICRH97BC,male,26,Paper Towels,5.4412162317582435,5,27.206081158791218,e-wallet,Pulau Pinang
MG8SF06H,female,18,Toilet Paper,2.909583261231784,2,5.819166522463568,cash,Seremban
LN6NLLD5,male,48,Detergent,9.552879474362328,9,85.97591526926095,e-wallet,Pulau Pinang
DNKUXPR7,female,24,Toilet Paper,9.818825548753937,3,29.456476646261812,cash,Pulau Pinang
25N8EX09,male,24,Laundry Basket,4.832956037383306,1,4.832956037383306,cash,Kuala Lumpur
NJMCTSI6,female,61,Broom,4.568991549183963,7,31.98294084428774,cash,Kuala Lumpur
KPC5N8YG,male,43,Hand Soap,5.637344620006572,7,39.461412340046,e-wallet,Johor Bahru
W1PV776B,male,29,Trash Bags,3.9482677814137395,2,7.896535562827479,cash,Seremban
82HGLLPR,male,51,Hand Soap,9.260006781563481,4,37.040027126253925,e-wallet,Pulau Pinang
S9ZGBFV7,male,36,Trash Can,7.32280291562765,10,73.2280291562765,e-wallet,Johor Bahru
F4PS5M7H,female,50,Air Freshener,4.220535908254753,9,37.98482317429278,cash,Pulau Pinang
TMVOP0P2,male,43,Towel,3.6719526662233695,1,3.6719526662233695,e-wallet,Johor Bahru
UEGK67IY,male,41,Air Freshener,8.086860736054955,4,32.34744294421982,card,Kuala Lumpur
DSDOXRZW,male,56,Broom,9.984287859256439,7,69.89001501479507,e-wallet,Johor Bahru
5U70OKXM,male,18,Broom,8.819814147229202,6,52.91888488337521,card,Seremban
UFOFMT38,male,37,Detergent,8.085500119726479,6,48.513000718358875,e-wallet,Ipoh
JOAZ90XK,male,47,Towel,7.899809498977093,6,47.39885699386256,cash,Pulau Pinang
WOTPRWT5,male,45,Laundry Basket,6.136125025571122,5,30.68062512785561,e-wallet,Pulau Pinang
383P90Y7,female,35,Detergent,8.871009311920375,6,53.22605587152225,e-wallet,Kuala Lumpur
KYPU5XTT,male,39,Trash Bags,5.224402742843452,9,47.01962468559107,cash,Pulau Pinang
RX8VUSAA,male,40,Toilet Brush,6.694626667690952,1,6.694626667690952,e-wallet,Seremban
XRH6RT6U,male,39,Laundry Basket,6.329711569922183,2,12.659423139844366,card,Seremban
ABPGXB6P,male,41,All-Purpose Cleaner,1.4519427060511283,3,4.355828118153385,card,Ipoh
KIC2HOJA,female,30,All-Purpose Cleaner,5.7267502966109625,6,34.360501779665775,e-wallet,Seremban
5JLJXNMO,male,57,Laundry Basket,6.578388533638231,8,52.62710826910585,e-wallet,Johor Bahru
FPZD76FI,male,23,Toilet Paper,2.808457279143514,5,14.04228639571757,card,Pulau Pinang
SQTKQRNL,male,60,Towel,6.99278216384958,6,41.95669298309748,card,Seremban
0JUZNCW2,male,24,Air Freshener,8.828268566144832,9,79.45441709530348,e-wallet,Ipoh
EAQG2KBU,female,34,Hand Soap,5.831517876084117,9,52.48366088475706,e-wallet,Johor Bahru
Y5CH9SRP,male,60,Broom,1.7757157323016033,5,8.878578661508016,cash,Seremban
43Z3UGKP,female,53,All-Purpose Cleaner,8.412926863347145,3,25.238780590041436,e-wallet,Seremban
22U8ESJA,male,25,Air Freshener,4.188899262857245,1,4.188899262857245,cash,Pulau Pinang
271DHQS2,female,45,Detergent,3.9139875607710177,5,19.56993780385509,cash,Ipoh
YX9ZSO25,female,43,Broom,3.479475221801072,8,27.835801774408576,card,Kuala Lumpur
H9MX1VSH,male,60,Laundry Basket,1.5043990210493976,10,15.043990210493977,cash,Pulau Pinang
XSF7U671,female,27,Toilet Brush,4.586086729702789,10,45.86086729702789,e-wallet,Johor Bahru
4IBV7GOB,male,21,Dish Soap,6.599191244710436,2,13.198382489420872,e-wallet,Seremban
MSYZVJUF,male,34,Paper Towels,6.041417177318342,4,24.16566870927337,cash,Pulau Pinang
RQ5CPESD,male,44,Trash Bags,9.88786633858958,7,69.21506437012707,card,Seremban
DXS03MWG,female,21,Trash Bags,3.359265073656624,1,3.359265073656624,e-wallet,Kuala Lumpur
2GOLQ2GR,male,28,Toilet Paper,3.777660311763154,1,3.777660311763154,e-wallet,Kuala Lumpur
UE43HXM1,female,18,Laundry Basket,3.8273137076047674,1,3.8273137076047674,cash,Kuala Lumpur
2V05QTAA,female,34,Detergent,2.6991293456465297,6,16.19477607387918,cash,Pulau Pinang
TS57QZ0W,female,57,All-Purpose Cleaner,8.038138158417418,3,24.114414475252254,cash,Pulau Pinang
VJXF7XKA,female,20,All-Purpose Cleaner,2.514173815175744,6,15.085042891054464,cash,Seremban
T0OQE77M,male,49,Dish Soap,5.189817387868938,7,36.328721715082565,card,Johor Bahru
VRIK2695,male,53,Dish Soap,7.17706009884692,10,71.7706009884692,cash,Johor Bahru
FQNEA86A,male,35,Air Freshener,1.2123663599980365,3,3.6370990799941096,e-wallet,Ipoh
J5O63GXO,female,37,Trash Bags,8.0372877860428,5,40.186438930213995,e-wallet,Pulau Pinang
Y2QGYJQJ,male,41,Toilet Brush,6.424405508215226,3,19.273216524645676,cash,Johor Bahru
WNIPBH35,female,21,Mop,8.379262291632198,6,50.27557374979319,cash,Seremban
QCOY4LON,female,24,Mop,6.398252520362914,1,6.398252520362914,cash,Johor Bahru
5GE73TP8,female,40,Sponge,4.343275431776143,4,17.373101727104572,card,Johor Bahru
0B3EUNST,female,19,Mop,7.39631568032313,1,7.39631568032313,card,Johor Bahru
S1G3MCRP,male,44,Trash Can,9.896029263810531,1,9.896029263810531,e-wallet,Ipoh
9KFVHZQK,female,56,Sponge,7.737417348605408,2,15.474834697210817,e-wallet,Ipoh
BUU5VTB2,male,25,Paper Towels,4.155403036516942,7,29.087821255618593,cash,Ipoh
AZBLP2EM,female,19,Toilet Brush,9.36467858841425,5,46.82339294207125,cash,Seremban
UY01XWGZ,female,42,Trash Bags,9.581021526256785,1,9.581021526256785,cash,Kuala Lumpur
4F3CZ3H5,male,23,Detergent,7.890272485200033,10,78.90272485200033,e-wallet,Johor Bahru
JQ53WE2M,female,48,Paper Towels,2.3104926902078136,7,16.173448831454696,e-wallet,Johor Bahru
EDJNA2EM,male,25,Trash Can,6.438798496912574,6,38.632790981475445,e-wallet,Ipoh
OO5W4FV0,female,54,Paper Towels,2.2257051812953312,3,6.677115543885994,card,Pulau Pinang
RQ1Q0JBC,female,40,Laundry Basket,8.876642376661401,1,8.876642376661401,e-wallet,Seremban
AMWKDJMI,male,60,Air Freshener,4.496876628523145,2,8.99375325704629,card,Seremban
ULKSYFVA,female,36,Sponge,8.255208158361075,7,57.78645710852753,card,Kuala Lumpur
PZ3YNV1B,male,54,Hand Soap,2.4853439014388687,10,24.853439014388687,cash,Seremban
J0FZ59RG,female,37,Sponge,5.589788065759943,5,27.948940328799715,card,Ipoh
WKT0SECE,female,60,Towel,1.4655653269485467,6,8.793391961691281,cash,Kuala Lumpur
XZD3FDUJ,female,43,Hand Soap,8.803434960498247,1,8.803434960498247,card,Kuala Lumpur
97XU6OXA,female,48,Paper Towels,4.127266345137813,2,8.254532690275626,e-wallet,Johor Bahru
XWYMWLP2,male,39,Laundry Basket,3.3781510314726435,7,23.647057220308504,cash,Johor Bahru
SL54WFM5,female,28,Sponge,3.349058776543024,7,23.443411435801167,e-wallet,Pulau Pinang
2FDZI48P,male,26,Trash Can,5.3959674104359285,2,10.791934820871857,card,Seremban
IWBM2WHM,male,25,Hand Soap,7.527263283985959,1,7.527263283985959,e-wallet,Ipoh
3C3K2MUV,female,19,Dish Soap,1.4251000416536668,2,2.8502000833073335,e-wallet,Pulau Pinang
KJ55N99C,female,55,Paper Towels,7.246968702330811,9,65.2227183209773,cash,Kuala Lumpur
QH1YYW3Q,male,50,Trash Bags,9.472977284884115,10,94.72977284884115,card,Seremban
SFA3IDLU,male,35,Air Freshener,1.213843041158586,10,12.138430411585862,cash,Ipoh
JE7U3DT1,female,34,Laundry Basket,5.160425232877848,8,41.28340186302278,e-wallet,Johor Bahru
B2RNPNIG,male,29,Toilet Paper,5.459907102840116,7,38.21934971988081,cash,Johor Bahru
F3YKRUUP,female,20,Broom,1.217869983832729,6,7.307219902996374,e-wallet,Kuala Lumpur
Q3SLAKTP,male,32,Air Freshener,6.58718910852745,4,26.3487564341098,e-wallet,Kuala Lumpur
EL49PXZ0,female,56,Paper Towels,7.567736415548099,9,68.10962773993289,card,Pulau Pinang
OM2RZ8MG,male,25,Trash Bags,4.629810135658037,5,23.149050678290184,card,Johor Bahru
FVWU468E,male,40,Broom,7.881847602097544,9,70.93662841887789,e-wallet,Johor Bahru
5GUVFDWR,female,36,Toilet Paper,2.852186900890362,6,17.11312140534217,cash,Kuala Lumpur
7DVQ1NG8,female,46,Sponge,3.8759773093123657,10,38.759773093123655,cash,Ipoh
SOURJMHH,male,19,Laundry Basket,3.342098524948417,4,13.368394099793669,e-wallet,Johor Bahru
R2GHEIXT,male,36,Trash Bags,6.100274959469486,5,30.50137479734743,card,Pulau Pinang
8HBJ3UEK,female,27,Detergent,2.7754186681623394,8,22.203349345298715,cash,Seremban
BQ1S5ZLJ,female,25,Mop,3.8900008513164126,2,7.780001702632825,e-wallet,Kuala Lumpur
Q028CT5N,female,46,Paper Towels,2.9516977515131675,3,8.855093254539502,e-wallet,Kuala Lumpur
XFYYVXZ1,male,32,Trash Can,7.537846130209635,10,75.37846130209635,e-wallet,Johor Bahru
7VOVALC9,male,56,Dish Soap,3.70384296315877,7,25.92690074211139,e-wallet,Seremban
OLS74X3J,male,38,Towel,4.944539807786908,6,29.66723884672145,cash,Ipoh
6IOGL25U,female,52,Toilet Paper,2.6522069207876804,2,5.304413841575361,cash,Kuala Lumpur
KFZ78UGL,male,61,Sponge,9.113075976149927,5,45.56537988074964,e-wallet,Kuala Lumpur
1WY9K2PY,female,33,Trash Can,2.4745845591051263,3,7.4237536773153785,cash,Seremban
EX3MQRC6,male,38,Sponge,3.2867639048922315,6,19.72058342935339,cash,Ipoh
RA33GJX2,female,32,Trash Can,4.0850177436310755,6,24.510106461786453,cash,Johor Bahru
9MPIDK3F,female,42,Paper Towels,3.0880768710466198,5,15.4403843552331,cash,Seremban
RNLM7UZ3,male,23,Detergent,9.529760095142997,4,38.11904038057199,e-wallet,Johor Bahru
ZJI85CSH,female,36,Towel,9.862999935545464,1,9.862999935545464,card,Seremban
GJHKYL3T,female,34,Detergent,7.5290710704240515,2,15.058142140848103,cash,Johor Bahru
IFSNND2V,female,24,Air Freshener,6.859060935234878,7,48.01342654664415,e-wallet,Ipoh
J8IHMDU7,female,50,Toilet Paper,8.587158392644842,7,60.110108748513895,cash,Pulau Pinang
N6Q2PQZQ,male,45,Sponge,7.214510713456216,9,64.93059642110595,cash,Kuala Lumpur
H882AE2M,male,21,Detergent,5.899381657494266,3,17.698144972482797,cash,Johor Bahru
0ELIXL2A,female,34,Broom,5.49640678283626,6,32.97844069701756,card,Kuala Lumpur
7IULJC62,female,43,Trash Can,9.850813027880344,5,49.25406513940172,cash,Kuala Lumpur
MJFSE5C4,female,39,Detergent,5.568008493056408,8,44.544067944451264,e-wallet,Ipoh
E0V055G6,female,59,Toilet Brush,8.606658110197978,5,43.03329055098989,e-wallet,Johor Bahru
VBBNBI24,female,51,Trash Bags,9.303975516662332,4,37.21590206664933,cash,Ipoh
M1844659,male,37,Toilet Brush,6.981657954800247,3,20.94497386440074,cash,Pulau Pinang
7H242KIW,male,38,Towel,1.3693899355560057,6,8.216339613336034,e-wallet,Johor Bahru
KQ9FHIPZ,female,46,Broom,4.2564471832383575,10,42.564471832383575,e-wallet,Ipoh
BL18VXQY,male,27,Dish Soap,2.5029332938826685,5,12.514666469413342,e-wallet,Johor Bahru
RSFQ0L3P,male,22,Towel,1.3194551665244458,6,7.916730999146675,cash,Johor Bahru
U2K5K965,male,39,All-Purpose Cleaner,4.987176288173124,10,49.87176288173124,e-wallet,Ipoh
P6K93HN5,male,21,Sponge,3.607350453350277,3,10.822051360050832,cash,Seremban
F1EHGVJU,female,42,Mop,6.196747784136102,1,6.196747784136102,cash,Seremban
KM1VCCIX,male,53,Laundry Basket,5.881923796620265,4,23.52769518648106,cash,Seremban
YIM9ZG0L,female,23,Towel,2.282332299798859,8,18.25865839839087,card,Ipoh
9DPK9Y0W,female,61,Hand Soap,5.757647225652231,2,11.515294451304461,e-wallet,Pulau Pinang
1TZVQGOH,female,43,Towel,2.5104877419682357,6,15.062926451809414,cash,Seremban
CG9PECXS,female,50,Trash Bags,1.03850704958509,5,5.19253524792545,e-wallet,Seremban
42VRQ2H2,male,55,Toilet Brush,5.832294403386689,9,52.4906496304802,card,Johor Bahru
WAPA3LTF,male,30,Toilet Paper,4.311819571729954,5,21.55909785864977,cash,Kuala Lumpur
UPF213NN,male,57,Trash Bags,5.05975791707486,9,45.53782125367374,cash,Kuala Lumpur
UUOPMYK4,male,30,Broom,1.7705659577310267,4,7.082263830924107,e-wallet,Pulau Pinang
WA95WZA6,female,21,Detergent,9.770573793412046,10,97.70573793412046,card,Pulau Pinang
PRPJUK2P,male,29,Detergent,6.339412364765706,8,50.71529891812565,cash,Kuala Lumpur
HPBNJD6N,female,24,Air Freshener,9.179903967525043,6,55.079423805150256,e-wallet,Pulau Pinang
8RH03TO9,female,41,Towel,1.3785760659699933,10,13.785760659699932,e-wallet,Ipoh
1056MMSV,male,56,Mop,2.521838559914643,8,20.174708479317143,cash,Ipoh
YEFKZQ8R,male,54,Detergent,1.9884321863868553,6,11.93059311832113,e-wallet,Johor Bahru
M92CRVJ0,male,43,Towel,3.4774357021660793,3,10.432307106498238,card,Ipoh
ON2FV9VS,female,45,Mop,9.338724018563864,5,46.69362009281932,cash,Pulau Pinang
UE3RYETD,male,30,Laundry Basket,8.076561093462397,6,48.459366560774384,cash,Pulau Pinang
H1CVBC60,male,21,Towel,1.5043991716672847,7,10.530794201670993,cash,Ipoh
MV5PTNC1,male,60,Broom,8.909600590672955,7,62.36720413471069,card,Seremban
95Y4ZJDR,male,39,Hand Soap,2.720728479872458,10,27.20728479872458,e-wallet,Kuala Lumpur
VGL8QP5O,female,48,Air Freshener,6.335466305496641,2,12.670932610993281,e-wallet,Seremban
WBRAO1RL,male,54,Trash Bags,3.6018236577678153,7,25.212765604374706,card,Johor Bahru
NGYWBGVD,female,60,Broom,2.695934795280368,9,24.263413157523313,card,Ipoh
ZKKBLRJW,female,27,Toilet Brush,9.587792662664828,7,67.1145486386538,card,Pulau Pinang
MCCVFATB,female,24,Air Freshener,5.489463364126287,9,49.405170277136584,cash,Kuala Lumpur
T54UKB47,male,56,Laundry Basket,7.011006046890515,2,14.02201209378103,e-wallet,Ipoh
PD7P6PSU,female,47,Laundry Basket,5.740990983259399,3,17.222972949778196,card,Kuala Lumpur
JQ06MZJ8,female,30,Broom,9.914905081139981,1,9.914905081139981,card,Seremban
LWUDY9NJ,female,43,Sponge,1.281614284915248,7,8.971299994406737,cash,Kuala Lumpur
JMZ54OJK,female,54,Sponge,4.967501074400995,8,39.74000859520796,e-wallet,Ipoh
4IDUGX8K,female,20,Sponge,8.72648012112996,2,17.45296024225992,cash,Ipoh
W6GYB5JU,female,55,Hand Soap,1.1756841031916463,9,10.581156928724816,e-wallet,Kuala Lumpur
4Z04UKCA,male,22,Paper Towels,5.7447410829942225,4,22.97896433197689,card,Kuala Lumpur
I4SVJGSC,male,30,Toilet Brush,2.0125115511033034,2,4.025023102206607,cash,Johor Bahru
TARA0GMX,male,55,Paper Towels,9.99992833841613,3,29.99978501524839,card,Ipoh
UBSF6WJH,female,53,Toilet Brush,8.073969746997452,5,40.36984873498726,e-wallet,Kuala Lumpur
I8ZP4UHY,female,34,Detergent,4.258169338178713,8,34.065354705429705,card,Pulau Pinang
6A2L274Y,female,22,Sponge,8.495121023838665,7,59.46584716687066,e-wallet,Ipoh
QENI096B,male,56,Sponge,8.381099383014352,2,16.762198766028703,card,Ipoh
IX1Z1CD3,male,38,Detergent,4.328239484297366,4,17.312957937189463,card,Pulau Pinang
47BKCYGM,female,26,Paper Towels,4.265049898425424,1,4.265049898425424,e-wallet,Johor Bahru
GB4ETDG3,female,41,Mop,4.96789997076828,1,4.96789997076828,e-wallet,Kuala Lumpur
3ONR083P,male,27,Hand Soap,2.8650429971721065,6,17.190257983032637,card,Kuala Lumpur
I0I3OIUQ,female,23,Toilet Paper,4.879255883820859,8,39.03404707056687,cash,Kuala Lumpur
3OT2HAOR,male,21,Trash Can,8.471353821991155,5,42.35676910995578,e-wallet,Kuala Lumpur
GAZYU000,female,36,Dish Soap,4.309349406199123,2,8.618698812398247,e-wallet,Johor Bahru
MTNUZI0Q,male,20,Sponge,5.659302355009738,10,56.593023550097385,e-wallet,Pulau Pinang
PA7QVXDK,female,29,Trash Can,2.3046224426082045,6,13.827734655649227,card,Kuala Lumpur
QDW5HUM9,male,58,Dish Soap,3.5065465939084803,10,35.0654659390848,e-wallet,Ipoh
