customer_id,gender,age,product,price_per_unit,units_purchased,total_purchase,payment_method,workshop_branch
RUTSSUUG,male,58,Air Freshener,143.7136893432986,5,718.568446716493,cash,Seremban
RO20GZLV,male,52,Suspension,174.5122692505706,2,349.0245385011412,cash,Seremban
QYXCBMHP,female,20,Brake Pads,148.66086434073026,3,445.98259302219077,cash,Ipoh
ARHW93EC,male,23,Spark Plugs,56.77226398535857,10,567.7226398535857,cash,Johor Bahru
PPZNLO4H,male,54,Brake Disc,96.11381721455777,8,768.9105377164622,card,Ipoh
KMIRICJ5,female,47,Air Freshener,174.061932453225,7,1218.4335271725752,cash,Pulau Pinang
GCVJLCON,female,52,Ignition Coils,103.99226143205004,4,415.9690457282002,card,Ipoh
HFAJ1EC2,female,51,Suspension,196.54941111497484,7,1375.8458778048239,card,Seremban
DPBSBD2W,male,36,Suspension,149.47826242803467,2,298.95652485606934,e-wallet,Johor Bahru
CDTDAL5B,male,32,Ignition Coils,160.3969022206274,8,1283.1752177650192,cash,Pulau Pinang
YUAO7XFL,female,41,Suspension,172.13114619408074,3,516.3934385822422,e-wallet,Seremban
46U717KU,female,59,Brake Disc,188.59807493647256,6,1131.5884496188353,cash,Johor Bahru
PDBMGAMJ,female,36,Ignition Coils,116.94588029495222,2,233.89176058990444,e-wallet,Ipoh
THZI4JQZ,male,21,Wiper blade,162.39105759603424,8,1299.128460768274,card,Seremban
0BFF8DMN,female,23,Brake Pads,127.8696906898537,8,1022.9575255188296,card,Ipoh
ZW6ZSWU3,female,20,Wiper blade,156.2975756973157,2,312.5951513946314,card,Ipoh
1UURC2C4,female,37,Brake Disc,64.74144835331411,5,323.7072417665706,cash,Kuala Lumpur
RS06G95R,male,40,Suspension,183.65536886687957,5,918.2768443343979,card,Ipoh
C7WB9M7D,female,50,Wiper blade,124.935733620214,1,124.935733620214,e-wallet,Johor Bahru
CTB5OWJU,male,44,Wiper blade,136.06401564447998,4,544.2560625779199,e-wallet,Ipoh
QGGAVNET,male,41,Brake Pads,87.57935109457433,3,262.738053283723,e-wallet,Kuala Lumpur
OV72UKOB,female,21,Ignition Coils,134.51327802915364,9,1210.6195022623829,cash,Ipoh
Y6E0PCUQ,male,25,Ignition Coils,132.4454490881491,10,1324.454490881491,e-wallet,Seremban
UQVJC36W,male,24,Suspension,69.50197052246253,10,695.0197052246253,card,Pulau Pinang
CWBMBRSN,male,21,Spark Plugs,94.63194674662276,7,662.4236272263593,cash,Johor Bahru
BUWGZC3G,female,53,Brake Disc,153.92386721506756,5,769.6193360753377,e-wallet,Seremban
FFDOAMMP,female,29,All-Purpose Cleaner,166.0520846771742,5,830.260423385871,cash,Kuala Lumpur
39IPPD1Q,male,19,Spark Plugs,79.67391695476802,7,557.7174186833761,card,Ipoh
REV1XYC2,male,24,Wiper blade,76.98384380565939,2,153.96768761131878,cash,Pulau Pinang
JBENVOC7,male,26,Tyre,75.77925397506743,6,454.6755238504046,e-wallet,Pulau Pinang
FLKM3MTB,male,34,Brake Pads,145.68446237802843,4,582.7378495121137,cash,Ipoh
8EFT4WE2,male,33,Wiper blade,130.69094242338622,4,522.7637696935449,card,Ipoh
N9W9UEN2,female,48,Air Freshener,170.23863745772888,3,510.71591237318665,card,Seremban
DNWKYIP8,female,33,Air Freshener,127.73067887245442,7,894.114752107181,cash,Pulau Pinang
YIFHJQ8U,male,46,Tyre,62.41039004364083,8,499.28312034912665,cash,Kuala Lumpur
TKHEMMIZ,male,36,Brake Pads,178.81172845082574,6,1072.8703707049544,card,Johor Bahru
IYNOGHK2,female,20,Ignition Coils,113.05554969454658,4,452.22219877818634,card,Johor Bahru
5JMFWM15,female,20,Ignition Coils,107.93773724090985,3,323.81321172272953,e-wallet,Johor Bahru
S2APKK5Q,male,55,Ignition Coils,145.7444041073479,9,1311.699636966131,e-wallet,Seremban
S6Q6CSQR,female,49,Tyre,199.58107234830817,8,1596.6485787864654,cash,Seremban
IH0AMIDF,female,55,Brake Pads,174.8699115198646,8,1398.9592921589167,cash,Johor Bahru
ZE021U5I,male,31,All-Purpose Cleaner,188.6944635840725,5,943.4723179203626,cash,Seremban
A22XXUU7,male,36,Air Freshener,164.5710692831111,10,1645.710692831111,e-wallet,Kuala Lumpur
61I31AR6,female,46,Suspension,56.101280216486145,9,504.9115219483753,card,Pulau Pinang
7PZLZFFN,female,35,Spark Plugs,124.91733902277132,2,249.83467804554263,e-wallet,Kuala Lumpur
66FW063E,female,49,Spark Plugs,152.18444424923916,8,1217.4755539939133,cash,Kuala Lumpur
ETMCHE77,female,40,Brake Disc,79.43558432878604,1,79.43558432878604,cash,Johor Bahru
6INS6H2P,female,43,Ignition Coils,138.43877751572637,7,969.0714426100847,card,Johor Bahru
K7FZJWG8,male,42,All-Purpose Cleaner,163.98191275286257,1,163.98191275286257,cash,Kuala Lumpur
0XK44O8O,female,18,Ignition Coils,121.70985965141217,6,730.2591579084731,card,Johor Bahru
1BC3YLET,male,54,Suspension,111.4751964185712,7,780.3263749299985,card,Seremban
9PSTGHE2,male,24,Tyre,172.0401957259752,9,1548.3617615337766,cash,Pulau Pinang
IJ1H3L2W,male,42,Tyre,95.63185418997449,6,573.7911251398469,card,Ipoh
QTFW14FY,female,33,Spark Plugs,80.55600166533722,9,725.004014988035,e-wallet,Kuala Lumpur
YZR0D6RF,male,27,Wiper blade,102.79883469373563,3,308.3965040812069,card,Johor Bahru
OVEE2WZF,female,21,Spark Plugs,154.00521941864613,2,308.01043883729227,card,Pulau Pinang
BUS2WGBF,male,33,Air Freshener,121.56606644629673,4,486.2642657851869,e-wallet,Kuala Lumpur
S5HGSDUS,female,44,Air Freshener,186.050490583798,2,372.100981167596,cash,Seremban
8NIAD1GR,female,57,Air Freshener,152.32342118268585,2,304.6468423653717,card,Johor Bahru
JGF0Z3PP,male,26,Suspension,138.83517087997166,8,1110.6813670397732,e-wallet,Johor Bahru
13SKTWAE,female,33,All-Purpose Cleaner,180.08906360514803,1,180.08906360514803,cash,Ipoh
EAF2CS7I,male,54,All-Purpose Cleaner,169.1989467263067,2,338.3978934526134,cash,Ipoh
MTF7VIY0,male,29,Wiper blade,61.005736433117875,7,427.0401550318251,e-wallet,Kuala Lumpur
293X0QCQ,female,53,Tyre,142.01652521567956,9,1278.1487269411161,cash,Ipoh
D8FDVEVS,female,56,Air Freshener,153.07347035290218,5,765.3673517645109,e-wallet,Kuala Lumpur
CDDCX262,male,47,Brake Pads,144.39583966933316,10,1443.9583966933315,card,Seremban
DXLNRCN3,female,46,Ignition Coils,197.45215685708675,7,1382.1650979996073,card,Ipoh
9C0GB10Y,male,43,Tyre,96.57649668933462,4,386.3059867573385,e-wallet,Pulau Pinang
NTJ5MSK5,male,42,Spark Plugs,51.431439522828,7,360.020076659796,cash,Kuala Lumpur
JTRWRKJW,male,34,Brake Pads,85.98463992071842,8,687.8771193657474,e-wallet,Ipoh
U77C8SLS,female,44,Suspension,106.13236420173101,8,849.0589136138481,e-wallet,Seremban
6RLDJ6OW,male,32,Air Freshener,95.71005807357969,5,478.55029036789847,card,Ipoh
NIT6E2PS,male,32,Spark Plugs,107.13351320874492,3,321.4005396262347,card,Kuala Lumpur
KF7VC22L,female,28,Air Freshener,187.75523197581543,1,187.75523197581543,cash,Kuala Lumpur
GAXU44I3,male,42,Wiper blade,193.00492664807098,6,1158.0295598884259,card,Johor Bahru
LJ449EJ9,female,53,Air Freshener,57.10969777832888,6,342.65818666997325,card,Pulau Pinang
KFCK64F8,female,20,All-Purpose Cleaner,175.32090391292223,3,525.9627117387668,card,Seremban
M64WRG0U,male,43,Tyre,138.09212194988186,3,414.2763658496456,e-wallet,Pulau Pinang
5QKF4I3A,male,28,Air Freshener,54.04130670170321,9,486.3717603153289,e-wallet,Johor Bahru
BLDXABK7,female,43,Tyre,116.58203885151168,7,816.0742719605818,cash,Johor Bahru
HS40WDO1,male,61,Wiper blade,141.13230426136192,8,1129.0584340908954,card,Pulau Pinang
BLN1LQFV,female,42,Wiper blade,147.66283008903997,3,442.9884902671199,cash,Ipoh
LM8GLX93,male,39,Ignition Coils,198.63735967755753,2,397.27471935511505,card,Kuala Lumpur
B8F45CXH,male,18,Ignition Coils,146.07135054394485,3,438.21405163183454,cash,Pulau Pinang
HCQAJHGT,male,39,Air Freshener,185.12094511847627,3,555.3628353554288,cash,Ipoh
DQXT93GW,female,54,Air Freshener,192.32240425335652,6,1153.934425520139,card,Pulau Pinang
VTKSEM82,male,57,Air Freshener,166.4139030719768,1,166.4139030719768,cash,Johor Bahru
3J2LHDVD,male,34,Wiper blade,66.5056469406344,5,332.528234703172,card,Pulau Pinang
WU6Y4QIJ,male,34,Suspension,64.74314003187236,4,258.97256012748943,cash,Kuala Lumpur
DYIP862E,female,46,Air Freshener,109.60541504995399,9,986.4487354495859,cash,Johor Bahru
8JZSLNO5,female,59,Brake Disc,143.1007007646876,7,1001.7049053528131,e-wallet,Kuala Lumpur
DX8WXQF1,female,35,Spark Plugs,56.009236918406344,3,168.02771075521903,e-wallet,Pulau Pinang
VVII583E,female,58,Air Freshener,118.00032420457156,9,1062.002917841144,cash,Pulau Pinang
FBA5XCDF,male,37,All-Purpose Cleaner,74.93234228913506,5,374.66171144567534,card,Kuala Lumpur
RJ7PA2Z8,male,32,Spark Plugs,175.17299243014426,7,1226.21094701101,card,Kuala Lumpur
88UFQPBD,male,28,Brake Disc,51.85640713414157,1,51.85640713414157,card,Pulau Pinang
I4XIA0QV,male,28,All-Purpose Cleaner,159.15031676969303,9,1432.3528509272373,cash,Ipoh
0XJSMF7M,female,55,Spark Plugs,178.63131250047277,10,1786.3131250047277,e-wallet,Kuala Lumpur
RIFXMSQF,male,27,All-Purpose Cleaner,70.00748987991368,7,490.05242915939573,e-wallet,Kuala Lumpur
FMVQ7X44,female,30,Tyre,153.79568324987173,1,153.79568324987173,card,Ipoh
KZ70O2FL,female,55,Wiper blade,167.31519043496297,1,167.31519043496297,cash,Seremban
RSMA7LAS,male,49,Suspension,60.17910271231969,10,601.791027123197,cash,Seremban
2A5AMQKS,male,49,Wiper blade,153.81030633585866,1,153.81030633585866,card,Ipoh
10L727YJ,male,56,Tyre,143.87717831457022,7,1007.1402482019915,card,Kuala Lumpur
8Q266W4C,male,37,Wiper blade,84.95463043617201,1,84.95463043617201,e-wallet,Pulau Pinang
Y72MFDSK,female,60,Brake Disc,121.8815294706803,1,121.8815294706803,e-wallet,Seremban
88471XS7,female,21,Wiper blade,115.55062303139371,10,1155.506230313937,e-wallet,Pulau Pinang
NCG6T926,female,44,Ignition Coils,158.38916530013427,9,1425.5024877012083,cash,Ipoh
1HB81Q6H,male,51,Wiper blade,147.7243855994132,7,1034.0706991958925,cash,Johor Bahru
Q8M1DHFT,male,58,Ignition Coils,118.52442288650744,5,592.6221144325372,e-wallet,Kuala Lumpur
ZQKUCCHD,male,36,Tyre,107.65823579354056,7,753.6076505547838,e-wallet,Ipoh
SEPCD22O,female,48,Spark Plugs,74.62627008712714,9,671.6364307841443,card,Johor Bahru
QYURKLMJ,female,59,Brake Pads,166.0501830349409,8,1328.401464279527,card,Johor Bahru
X2TJG0PX,female,44,All-Purpose Cleaner,82.36174924940521,1,82.36174924940521,e-wallet,Seremban
VWVDRLF7,female,29,Brake Disc,63.527144726104794,4,254.10857890441918,cash,Ipoh
NPPN24HY,male,47,Tyre,95.14927126263586,10,951.4927126263586,cash,Pulau Pinang
KO0V3WRZ,male,58,Wiper blade,57.069333879269095,2,114.13866775853819,cash,Kuala Lumpur
ZE1J9MXW,female,37,Spark Plugs,148.7605094267417,8,1190.0840754139335,card,Johor Bahru
JJPKFRUW,male,22,Brake Pads,190.4071812922434,9,1713.6646316301906,cash,Kuala Lumpur
3I71KV6K,male,57,Wiper blade,104.61875229264575,5,523.0937614632287,e-wallet,Kuala Lumpur
8VE5VBRQ,male,48,Spark Plugs,175.93246478059496,5,879.6623239029748,cash,Seremban
AVM80HER,female,27,Tyre,91.69334633338876,6,550.1600780003325,e-wallet,Pulau Pinang
O8O17F6I,male,39,Suspension,166.26921997095891,10,1662.6921997095892,e-wallet,Kuala Lumpur
RW2BR2KP,female,44,Suspension,56.04776800105475,9,504.42991200949274,cash,Kuala Lumpur
QQCP613Z,female,53,Suspension,195.09340431810867,4,780.3736172724347,card,Pulau Pinang
VXQFJR4K,female,44,Air Freshener,52.17693772738917,9,469.59243954650253,cash,Johor Bahru
M1RGZZYX,male,46,Spark Plugs,144.738690478593,10,1447.3869047859303,e-wallet,Pulau Pinang
4PFSP2WR,female,38,All-Purpose Cleaner,98.90055347057876,3,296.70166041173627,card,Pulau Pinang
TDN8P2P0,female,22,Suspension,67.42203030689039,7,471.9542121482327,card,Ipoh
3KI8A0ZR,female,39,Brake Pads,97.95669278353245,10,979.5669278353245,e-wallet,Pulau Pinang
Q8HNND7Y,female,49,Brake Pads,157.0354781238571,5,785.1773906192855,e-wallet,Seremban
MRF7D33S,female,53,All-Purpose Cleaner,139.4526702975261,4,557.8106811901044,cash,Ipoh
VR1YUH2A,female,43,All-Purpose Cleaner,83.08989752721382,3,249.26969258164146,card,Kuala Lumpur
DX9QL81C,male,27,Spark Plugs,68.64243699761668,6,411.8546219857001,card,Johor Bahru
2PUEAVZO,male,31,Wiper blade,110.84881658797045,10,1108.4881658797044,card,Pulau Pinang
OKX8LW0A,female,49,Suspension,103.97703368081042,7,727.8392357656729,e-wallet,Kuala Lumpur
WFKDB5V1,female,25,Tyre,103.42347816389007,3,310.2704344916702,e-wallet,Johor Bahru
Q072QPJM,female,27,Brake Disc,144.90265009457949,9,1304.1238508512154,e-wallet,Kuala Lumpur
7SJU1X0B,male,35,Suspension,55.72847827528878,7,390.0993479270214,cash,Ipoh
RUNK2ISJ,female,19,All-Purpose Cleaner,182.1599804255134,8,1457.2798434041072,card,Seremban
57WITANK,female,53,Brake Disc,181.73828387168953,8,1453.9062709735163,card,Ipoh
ZCB44ITI,female,31,Brake Pads,134.47010331524558,7,941.2907232067191,e-wallet,Seremban
W35PYHNH,female,34,Wiper blade,61.89929506123533,7,433.2950654286473,cash,Johor Bahru
O56J6FBB,female,55,Air Freshener,69.63012029286,5,348.1506014643,card,Kuala Lumpur
QD74PEV9,female,27,All-Purpose Cleaner,170.11613778228022,2,340.23227556456044,cash,Ipoh
7C21A8AE,female,22,Ignition Coils,83.01056199375637,9,747.0950579438073,e-wallet,Seremban
1OVRZAX9,female,36,Tyre,194.00654792209411,6,1164.0392875325647,card,Pulau Pinang
J08J7Y2Y,female,50,All-Purpose Cleaner,188.63881158566704,2,377.2776231713341,cash,Ipoh
5E2TDOK2,female,61,Spark Plugs,187.7998519607588,5,938.999259803794,cash,Seremban
O1V5PZ5L,male,30,Brake Pads,170.32561669227098,10,1703.2561669227098,e-wallet,Seremban
05OYN742,female,60,Air Freshener,172.02528161480257,5,860.1264080740128,e-wallet,Johor Bahru
HRG3LEWS,female,37,Ignition Coils,188.879272563772,10,1888.79272563772,card,Johor Bahru
UOWB7QOO,female,22,All-Purpose Cleaner,110.23544457221314,8,881.8835565777051,cash,Pulau Pinang
LBB23KTK,male,47,Ignition Coils,194.88766036608132,7,1364.2136225625693,e-wallet,Kuala Lumpur
6MGN77JU,male,36,Brake Pads,82.6872543649443,5,413.4362718247215,e-wallet,Kuala Lumpur
9JUZTO1F,female,53,Wiper blade,137.25796770087453,4,549.0318708034981,cash,Johor Bahru
C2LTJYBY,male,29,Air Freshener,72.46214619411396,7,507.23502335879766,card,Seremban
BAOQQBQV,male,43,Brake Disc,92.82209898168165,3,278.466296945045,e-wallet,Pulau Pinang
QAVUCA1K,male,59,Air Freshener,92.85195648485913,8,742.815651878873,e-wallet,Pulau Pinang
1GR4ADKM,male,43,Air Freshener,73.92955233039751,2,147.85910466079503,e-wallet,Pulau Pinang
CF33YXUH,male,44,Air Freshener,91.69255445033406,1,91.69255445033406,card,Ipoh
VNL21VTA,female,56,Air Freshener,170.7371639121095,7,1195.1601473847666,cash,Johor Bahru
O4SK148Q,male,53,Spark Plugs,56.68703657466506,10,566.8703657466506,cash,Ipoh
SL9X4G81,male,59,Wiper blade,90.35372528444036,6,542.1223517066421,e-wallet,Kuala Lumpur
B0NCWDZV,female,54,Brake Pads,104.29463983106916,8,834.3571186485533,e-wallet,Johor Bahru
XNFOTH2O,female,57,Brake Disc,185.2562800789738,5,926.2814003948689,e-wallet,Johor Bahru
27G0SQLT,male,45,Brake Pads,144.0757716636955,4,576.303086654782,card,Johor Bahru
PFKDNMDN,female,32,Suspension,183.73503637376874,1,183.73503637376874,card,Seremban
9VTD0NDQ,male,22,Spark Plugs,190.4812048708481,5,952.4060243542406,e-wallet,Pulau Pinang
FYTC8O16,female,37,All-Purpose Cleaner,90.22633235854182,8,721.8106588683346,card,Ipoh
GL4AM2GY,male,42,Suspension,91.15458261944875,3,273.4637478583462,card,Ipoh
ZDUYB2IQ,female,34,All-Purpose Cleaner,170.4323186204145,9,1533.8908675837304,cash,Ipoh
BNKBMTX6,female,42,Brake Disc,98.30382287238463,2,196.60764574476926,card,Kuala Lumpur
MTIH1KPB,male,38,Brake Pads,112.2626920255402,2,224.5253840510804,e-wallet,Seremban
1L5IW4OI,female,50,Air Freshener,160.41844331692658,4,641.6737732677063,cash,Ipoh
ZVSZYW23,female,55,Ignition Coils,178.2571507518939,8,1426.0572060151512,card,Ipoh
WKOW5YVO,male,53,All-Purpose Cleaner,186.910647451249,7,1308.374532158743,card,Pulau Pinang
YK01K3QL,female,29,Air Freshener,160.5875156991526,8,1284.7001255932207,e-wallet,Johor Bahru
8XBXM1GM,male,32,Tyre,102.91030938005434,3,308.73092814016303,card,Pulau Pinang
KDU7E5X7,male,43,Suspension,132.73870898332768,10,1327.3870898332768,e-wallet,Johor Bahru
ADBWH9WU,female,25,Brake Pads,167.18551432817662,3,501.55654298452987,card,Johor Bahru
O2LHU5DA,female,43,Air Freshener,90.99113255699507,2,181.98226511399014,e-wallet,Johor Bahru
R5SCVQYS,female,39,Air Freshener,196.472200761879,10,1964.72200761879,cash,Johor Bahru
3X6WPOW5,female,59,Wiper blade,52.94830739398418,6,317.6898443639051,e-wallet,Johor Bahru
D9F9PWI9,female,36,Brake Disc,84.66379576291035,1,84.66379576291035,e-wallet,Pulau Pinang
MWF1MGBN,male,26,Spark Plugs,92.734817127705,1,92.734817127705,card,Kuala Lumpur
I00L5X80,female,59,Brake Disc,60.13317856727239,5,300.66589283636193,e-wallet,Seremban
NTPNGZRF,female,56,Spark Plugs,146.73753987681374,2,293.4750797536275,e-wallet,Johor Bahru
EF3O2MQ5,female,19,Wiper blade,142.95909496184623,9,1286.631854656616,e-wallet,Johor Bahru
U0V59ET1,male,26,Suspension,107.41388859005738,10,1074.1388859005738,card,Johor Bahru
PPPXZYZ3,male,44,Air Freshener,165.84133826463585,10,1658.4133826463585,cash,Seremban
LAXZ1CSK,female,19,Spark Plugs,149.89753814026597,4,599.5901525610639,e-wallet,Kuala Lumpur
U5N90ODT,male,42,Brake Disc,105.96789677279631,7,741.7752774095742,cash,Johor Bahru
NBQ2HXCB,female,41,Air Freshener,51.60632069226694,4,206.42528276906776,e-wallet,Seremban
A9VK2PI4,female,46,Tyre,128.61315401636372,7,900.292078114546,e-wallet,Ipoh
5IM20BS0,female,20,All-Purpose Cleaner,94.54389760199518,7,661.8072832139662,e-wallet,Ipoh
TLWO7MPK,male,32,Air Freshener,51.03491885329876,9,459.3142696796889,card,Kuala Lumpur
336NPNAP,female,22,Brake Pads,194.97276966783582,5,974.8638483391791,card,Johor Bahru
ES9Z1R5P,female,47,Suspension,82.01237994508978,5,410.0618997254489,card,Pulau Pinang
PZBNJ1XR,male,47,Tyre,165.39569086494117,2,330.79138172988235,e-wallet,Ipoh
CLSMLDAP,male,44,Brake Pads,59.55981118401335,2,119.1196223680267,e-wallet,Pulau Pinang
H53WKQ9J,female,42,Suspension,178.43123218540643,4,713.7249287416257,cash,Seremban
7BN6ZALL,female,59,Ignition Coils,149.92557609867487,6,899.5534565920492,cash,Pulau Pinang
KUL2OULT,female,59,Ignition Coils,121.21292215960719,6,727.2775329576432,cash,Ipoh
8T4WQW4H,female,26,Tyre,168.4603715276961,1,168.4603715276961,cash,Pulau Pinang
DSET61M7,male,60,Wiper blade,81.13838615794495,6,486.8303169476697,card,Pulau Pinang
O0AO3GYR,male,18,Suspension,168.65334299775617,2,337.30668599551234,e-wallet,Seremban
DUECY8LY,male,26,Brake Pads,191.61541818932182,7,1341.3079273252526,card,Kuala Lumpur
15CIKGB6,male,35,Spark Plugs,145.63783557077477,7,1019.4648489954234,cash,Ipoh
1QWG5VAX,female,23,All-Purpose Cleaner,168.31719583326458,2,336.63439166652915,cash,Kuala Lumpur
NZMG822O,male,39,Brake Pads,74.93767629797767,2,149.87535259595535,card,Ipoh
I9667K6B,male,32,Spark Plugs,67.65895114924881,9,608.9305603432392,cash,Pulau Pinang
PYS1BZC6,female,42,All-Purpose Cleaner,103.16080580743076,4,412.64322322972305,cash,Pulau Pinang
PWSZN67Z,male,53,Suspension,63.92911252694497,1,63.92911252694497,card,Seremban
NNDHRCOQ,male,61,All-Purpose Cleaner,107.47198992541394,5,537.3599496270697,e-wallet,Seremban
VMT9ZUAO,female,44,Ignition Coils,167.6884019584836,4,670.7536078339344,cash,Kuala Lumpur
81M4TQLE,female,39,Suspension,118.85767751310328,7,832.003742591723,cash,Ipoh
D2FTTZI1,male,40,Brake Disc,94.88123597807427,7,664.1686518465199,cash,Kuala Lumpur
FNE4CO8Q,female,58,Suspension,84.53439831716204,9,760.8095848544584,cash,Kuala Lumpur
VLJ5G2EC,male,49,Suspension,147.4007467908928,8,1179.2059743271425,e-wallet,Pulau Pinang
C9B1SNJL,male,47,Air Freshener,91.73712219925937,10,917.3712219925937,card,Johor Bahru
V42REM92,male,20,Brake Pads,102.31907220671644,8,818.5525776537315,e-wallet,Seremban
D2VRCQMG,male,61,Air Freshener,142.5156457962241,1,142.5156457962241,card,Kuala Lumpur
08HLGXHY,male,27,Suspension,71.9858300549547,4,287.9433202198188,card,Kuala Lumpur
WS9Q09M0,male,33,All-Purpose Cleaner,116.48756965360606,2,232.97513930721212,e-wallet,Ipoh
SXA8M6D9,female,23,Spark Plugs,142.92077145915027,2,285.84154291830055,e-wallet,Seremban
LPZV1NZL,female,60,Ignition Coils,153.68585750163413,8,1229.486860013073,e-wallet,Pulau Pinang
3RPHVAZY,male,36,All-Purpose Cleaner,68.81533980077461,10,688.1533980077461,cash,Johor Bahru
0SWEERMN,female,35,Tyre,162.73528083798067,1,162.73528083798067,cash,Johor Bahru
YFEMZ52E,female,36,Brake Disc,181.2882088105223,2,362.5764176210446,e-wallet,Seremban
PHWJPQ3A,male,38,Air Freshener,199.25255066873106,3,597.7576520061932,cash,Johor Bahru
IC44G806,female,43,Suspension,77.86308056715455,10,778.6308056715455,card,Seremban
U1JH4OWK,female,59,Brake Pads,150.89543517087816,10,1508.9543517087816,card,Johor Bahru
HQEG4PB3,male,50,Spark Plugs,174.83051993980095,8,1398.6441595184076,card,Seremban
D0GJ4QFZ,female,18,Brake Disc,62.769829388904576,10,627.6982938890458,cash,Ipoh
R0I2WDRV,female,42,Wiper blade,175.3153985137775,2,350.630797027555,e-wallet,Johor Bahru
U4VMPZO4,female,40,Air Freshener,51.21167904777793,6,307.2700742866676,card,Seremban
6US0A3I5,female,43,Ignition Coils,160.27830138466015,5,801.3915069233008,cash,Kuala Lumpur
S7RK7M67,male,29,Ignition Coils,194.6407201142801,2,389.2814402285602,cash,Pulau Pinang
X6BYEZGY,female,33,Brake Disc,131.25344913871675,9,1181.2810422484508,card,Seremban
R69C89T0,male,56,Brake Pads,174.83908334755006,2,349.6781666951001,e-wallet,Pulau Pinang
WF431QAH,male,61,Brake Pads,109.2991680832069,10,1092.991680832069,card,Pulau Pinang
COTFEPJ9,male,38,All-Purpose Cleaner,176.86862797837833,4,707.4745119135133,cash,Pulau Pinang
VATDNHUD,female,39,Brake Disc,154.55867778251334,8,1236.4694222601067,card,Johor Bahru
Z9SWGHVP,male,56,Tyre,157.20196433385024,7,1100.4137503369516,card,Kuala Lumpur
XRJN20VE,female,30,Wiper blade,85.41050791802778,3,256.23152375408336,cash,Seremban
7ARNZSLP,female,46,All-Purpose Cleaner,190.3124320626517,5,951.5621603132586,cash,Pulau Pinang
SKV6EDDG,male,43,Tyre,66.56870706757479,2,133.13741413514958,e-wallet,Kuala Lumpur
UCR5EDJH,male,22,Suspension,151.73702893828926,7,1062.1592025680247,e-wallet,Johor Bahru
49QQYUNJ,male,58,Tyre,189.77892965935914,6,1138.6735779561548,card,Seremban
QXHCNGNH,female,49,Brake Pads,86.33549648279867,1,86.33549648279867,card,Pulau Pinang
QC7XERDD,male,24,Spark Plugs,172.47852087670472,6,1034.8711252602284,cash,Kuala Lumpur
T0FIP9CM,male,28,Air Freshener,106.84593959678331,5,534.2296979839166,e-wallet,Kuala Lumpur
HIHYMKZG,male,34,Spark Plugs,168.24772264219507,7,1177.7340584953654,e-wallet,Ipoh
Q8XDJYIW,female,59,All-Purpose Cleaner,117.54332010506944,5,587.7166005253472,cash,Kuala Lumpur
TR2EBE0I,male,18,Wiper blade,187.06767967098,1,187.06767967098,e-wallet,Kuala Lumpur
OOQY44JL,female,46,All-Purpose Cleaner,151.98085053550452,9,1367.8276548195406,e-wallet,Seremban
3Z52BAFF,female,25,Wiper blade,81.88824632104397,5,409.44123160521985,cash,Seremban
2AJ5YX0T,female,34,All-Purpose Cleaner,92.75076511322298,10,927.5076511322299,cash,Pulau Pinang
VZRW3ALU,female,56,Air Freshener,191.6906520366837,9,1725.2158683301534,card,Kuala Lumpur
QKCZBG97,male,53,Suspension,82.33064997016476,10,823.3064997016476,cash,Pulau Pinang
QUPZA26I,male,56,Brake Pads,117.47582802710431,3,352.42748408131297,e-wallet,Kuala Lumpur
JO2IFXXB,male,38,Air Freshener,169.89358658993555,7,1189.255106129549,card,Seremban
4HBIPX8N,male,58,All-Purpose Cleaner,63.25021131573338,5,316.2510565786669,cash,Ipoh
LQR3E86R,male,57,Tyre,169.05059137030247,1,169.05059137030247,cash,Ipoh
K8YHLQ3Z,female,43,Air Freshener,197.63366754025813,9,1778.7030078623231,card,Kuala Lumpur
ONSE3E5R,male,41,Wiper blade,128.6236094620568,1,128.6236094620568,cash,Kuala Lumpur
ERIQHOTO,female,30,All-Purpose Cleaner,119.88569381297054,3,359.65708143891163,e-wallet,Ipoh
H9NTGM1X,female,50,Air Freshener,104.8043421235025,2,209.608684247005,e-wallet,Ipoh
N7PA31GM,male,37,All-Purpose Cleaner,62.549950513268286,7,437.849653592878,card,Johor Bahru
TRYN10ZA,female,56,Air Freshener,154.03573115175692,3,462.10719345527076,card,Pulau Pinang
SIQOP3ST,female,41,Suspension,154.5227849762096,5,772.613924881048,card,Ipoh
P4YRM7TE,female,45,Tyre,107.45979757866891,1,107.45979757866891,e-wallet,Pulau Pinang
ZQPF77CH,male,23,Ignition Coils,149.09414345659764,4,596.3765738263905,cash,Kuala Lumpur
VL98PHQI,female,42,Brake Disc,75.71185497761313,5,378.55927488806566,card,Pulau Pinang
57KH2N5S,female,31,Tyre,144.23648866358593,4,576.9459546543437,e-wallet,Pulau Pinang
3N8R1CLT,female,38,Brake Disc,138.1247374418461,4,552.4989497673844,card,Pulau Pinang
T7GVTABM,female,52,Air Freshener,168.0550156941691,3,504.1650470825073,card,Pulau Pinang
JV6Y54R0,female,49,Tyre,89.42800251820076,10,894.2800251820075,cash,Kuala Lumpur
XK9NCPM3,female,23,Ignition Coils,186.67365946236518,10,1866.7365946236519,cash,Ipoh
H3GMEGI0,male,35,Brake Disc,124.69488475681995,4,498.7795390272798,e-wallet,Ipoh
R0G1LTJB,female,41,Wiper blade,64.62446653733328,1,64.62446653733328,e-wallet,Pulau Pinang
VLCELPPO,male,37,Ignition Coils,125.6817147457695,7,879.7720032203865,e-wallet,Seremban
6GM950N5,female,61,Ignition Coils,99.17464511943103,10,991.7464511943103,card,Johor Bahru
2EXF1FTG,male,38,Brake Pads,73.69856927884803,2,147.39713855769605,cash,Ipoh
QT9TLPYL,female,22,Suspension,153.36291671339177,9,1380.266250420526,cash,Johor Bahru
3ZGMVN51,male,24,Wiper blade,161.48517293795055,10,1614.8517293795055,e-wallet,Kuala Lumpur
Z14AISX8,female,50,Suspension,107.76145755047457,1,107.76145755047457,cash,Ipoh
6IRU27R5,male,57,Tyre,50.52147202747384,2,101.04294405494768,card,Seremban
NSILBNNY,male,32,Tyre,80.50147868242621,5,402.507393412131,card,Ipoh
05ITEUJ6,male,45,Suspension,150.4391835023656,10,1504.391835023656,e-wallet,Kuala Lumpur
1M591CEA,female,18,Tyre,167.25965418854645,8,1338.0772335083716,e-wallet,Pulau Pinang
BUXWXKYF,female,34,Spark Plugs,73.90140414356377,8,591.2112331485101,card,Kuala Lumpur
5T1TBVA6,male,45,Brake Pads,76.10036154844622,7,532.7025308391235,cash,Kuala Lumpur
ZLDPR26T,female,18,Air Freshener,71.88442403839653,4,287.5376961535861,e-wallet,Pulau Pinang
NS5W6WJN,male,38,Brake Disc,183.83303490518298,7,1286.8312443362809,card,Seremban
L5JL78LO,female,55,Air Freshener,127.80345391645326,7,894.6241774151729,card,Seremban
Z3ZU8MIB,female,22,Suspension,121.78891997794192,4,487.15567991176766,e-wallet,Pulau Pinang
O24IGC7R,male,54,Wiper blade,70.0600253684389,5,350.3001268421945,cash,Kuala Lumpur
1MN3CHKN,male,49,All-Purpose Cleaner,127.70523463075898,8,1021.6418770460718,e-wallet,Ipoh
Q8IY3EVZ,male,31,Tyre,84.67698357331813,8,677.415868586545,e-wallet,Seremban
LIL0L681,male,45,Brake Disc,71.94569092086937,3,215.8370727626081,cash,Ipoh
WHRV92O4,male,41,Wiper blade,117.33649406886708,8,938.6919525509367,e-wallet,Seremban
27HX102Q,male,57,Spark Plugs,96.79915860858706,1,96.79915860858706,e-wallet,Seremban
LKT8N6YL,female,33,Brake Disc,124.57270454815078,6,747.4362272889047,e-wallet,Johor Bahru
VI2WMLQV,female,43,Suspension,117.11602454972949,10,1171.160245497295,cash,Ipoh
VACKMDRS,female,60,Wiper blade,56.84994987741753,8,454.79959901934023,cash,Johor Bahru
53B2JZY0,male,30,Tyre,115.99313269149263,8,927.9450615319411,cash,Ipoh
CZ8UMT70,female,19,Air Freshener,133.83921317741218,7,936.8744922418853,cash,Kuala Lumpur
FN1CPZL5,male,26,Tyre,55.818200027894946,9,502.3638002510545,card,Ipoh
MZQW6075,male,53,Spark Plugs,146.57779345996448,7,1026.0445542197513,card,Seremban
G4ABLNUY,female,58,All-Purpose Cleaner,141.01014136302632,10,1410.1014136302633,e-wallet,Kuala Lumpur
BWLJU63I,female,41,Tyre,186.4039148984437,3,559.2117446953312,cash,Seremban
9C77B3LL,female,24,Spark Plugs,81.48525805344445,9,733.3673224810001,e-wallet,Ipoh
NC9KUOMH,male,26,Brake Pads,56.218991294536124,4,224.8759651781445,card,Pulau Pinang
SXPTZZ6A,female,22,Brake Disc,78.92150126931818,2,157.84300253863637,e-wallet,Seremban
P8PHZ0UR,female,28,Brake Disc,92.41602067938462,4,369.66408271753846,e-wallet,Johor Bahru
S1XRTKGO,female,18,All-Purpose Cleaner,61.127901528065834,4,244.51160611226334,card,Kuala Lumpur
TEZWTWBX,male,25,Suspension,169.98589387008548,7,1189.9012570905984,card,Pulau Pinang
O7TGOYZ5,male,27,Air Freshener,113.4630250698514,4,453.8521002794056,cash,Ipoh
9LMDSIA7,female,41,All-Purpose Cleaner,91.4745739626563,5,457.37286981328145,e-wallet,Johor Bahru
XICNTQNH,male,30,Suspension,79.24884625601028,6,475.4930775360617,cash,Pulau Pinang
A9D3HPKB,male,59,Spark Plugs,138.66351779517262,8,1109.308142361381,cash,Kuala Lumpur
RQLOUH6Q,female,58,Ignition Coils,66.75569817014056,10,667.5569817014057,cash,Johor Bahru
DNWH2PX6,male,56,Tyre,71.47509014551217,2,142.95018029102434,e-wallet,Ipoh
5QK7H1TT,male,34,Air Freshener,165.93162504016303,6,995.5897502409782,e-wallet,Ipoh
4KLJR39D,female,49,Ignition Coils,96.72058123929546,5,483.6029061964773,card,Ipoh
JSW1W0X7,female,29,Tyre,85.28672555947642,3,255.86017667842927,card,Ipoh
B6IEP7UR,male,46,Air Freshener,90.72632814261885,6,544.3579688557131,card,Johor Bahru
A9GXEMTT,male,20,Brake Disc,115.76273952393336,10,1157.6273952393335,card,Seremban
LDGMAL3S,male,36,Ignition Coils,130.96709971567418,6,785.8025982940451,e-wallet,Seremban
C6NQVJCB,female,39,Spark Plugs,156.2592277547834,4,625.0369110191336,e-wallet,Pulau Pinang
2M8KM2K4,male,56,Brake Disc,65.54740418786653,9,589.9266376907988,cash,Pulau Pinang
YGF1JR50,male,50,Air Freshener,142.51316428499177,4,570.0526571399671,cash,Pulau Pinang
99SGHFSQ,male,22,Brake Disc,162.00954813614806,10,1620.0954813614806,card,Seremban
QYRU2KVH,female,53,Brake Pads,69.00423381972327,10,690.0423381972327,cash,Johor Bahru
JOOX63D8,male,34,Spark Plugs,75.31283356351732,6,451.8770013811039,card,Johor Bahru
YUM3CDWF,male,41,All-Purpose Cleaner,174.44890834458874,5,872.2445417229437,card,Seremban
XXXC5K1I,male,55,Brake Pads,119.54100677512476,6,717.2460406507486,cash,Seremban
VZM9FZX1,male,32,Brake Pads,118.84571130744922,2,237.69142261489844,card,Seremban
3AK3L0CB,male,37,Spark Plugs,186.95331468777832,7,1308.6732028144481,card,Seremban
DXKD9P4R,female,20,Brake Pads,79.36981867633492,2,158.73963735266983,cash,Pulau Pinang
86UEQCYU,male,27,Air Freshener,118.36758930317858,1,118.36758930317858,cash,Pulau Pinang
P3R2PHLT,female,34,Brake Disc,151.29669345298294,6,907.7801607178976,cash,Seremban
AL0LQOLK,male,53,Brake Pads,60.20536170691611,2,120.41072341383222,cash,Seremban
DPOB7MOQ,female,47,Brake Pads,106.16817380427543,1,106.16817380427543,card,Seremban
5VXHLY99,male,45,Brake Pads,199.51835383301878,3,598.5550614990564,card,Johor Bahru
7GV7C1SM,female,56,Brake Pads,56.7466236436509,8,453.9729891492072,card,Seremban
FHFHJA2N,male,43,All-Purpose Cleaner,180.3961484072456,1,180.3961484072456,card,Johor Bahru
7TYX78SD,male,23,Air Freshener,68.09994771297127,10,680.9994771297127,cash,Johor Bahru
Q9Q6ADKP,male,36,Tyre,146.78543661215446,4,587.1417464486178,card,Johor Bahru
V54WAHVC,male,59,Air Freshener,60.16258764933079,5,300.81293824665397,cash,Seremban
Y8TU3UMX,female,49,Tyre,53.5376693478796,7,374.7636854351572,e-wallet,Johor Bahru
WW8OMB4L,female,30,Suspension,114.08328060142061,2,228.16656120284122,cash,Seremban
05D1SRD6,male,31,Wiper blade,90.10434250606912,2,180.20868501213823,e-wallet,Johor Bahru
BE89PCWI,female,37,Air Freshener,93.28493814515748,5,466.4246907257874,cash,Johor Bahru
RVWNJH0O,female,34,All-Purpose Cleaner,195.14080553425106,9,1756.2672498082595,e-wallet,Johor Bahru
12F0T4W9,male,49,Suspension,123.49080000700057,6,740.9448000420034,e-wallet,Kuala Lumpur
8815DOH1,male,22,All-Purpose Cleaner,182.41245067627497,10,1824.1245067627497,card,Johor Bahru
WHE5BLXS,female,50,Ignition Coils,150.8612399963473,1,150.8612399963473,cash,Seremban
8Y7XFAZT,female,50,Air Freshener,194.3624270776193,9,1749.2618436985736,e-wallet,Seremban
WK4RO5ZN,male,33,Tyre,126.06216302409206,2,252.12432604818412,e-wallet,Kuala Lumpur
N8GZS1SG,female,53,Spark Plugs,193.89649346012962,5,969.4824673006481,card,Ipoh
7RQ0WQ31,male,22,Spark Plugs,150.72693946405843,8,1205.8155157124675,card,Ipoh
DZ9YFLLR,male,54,Brake Disc,55.488361192502175,1,55.488361192502175,card,Seremban
XIXS4XP2,male,56,Wiper blade,53.260430292490014,10,532.6043029249001,card,Kuala Lumpur
H0128BB8,female,24,Spark Plugs,168.64545023743665,9,1517.80905213693,cash,Seremban
ILIBC4E6,male,27,Ignition Coils,133.49002996495517,4,533.9601198598207,e-wallet,Pulau Pinang
RB24PVE3,female,18,Ignition Coils,105.17649610599476,10,1051.7649610599476,card,Ipoh
T0DR8BIC,male,19,Brake Disc,189.30764931463435,4,757.2305972585374,e-wallet,Ipoh
WHZGDUQ6,female,61,Spark Plugs,102.59212494145065,2,205.1842498829013,card,Johor Bahru
Q3SVGA5C,male,46,Ignition Coils,89.97517417484798,10,899.7517417484798,e-wallet,Seremban
G2QP6C1L,female,35,All-Purpose Cleaner,71.88303788341626,4,287.53215153366506,e-wallet,Pulau Pinang
H3BAD24T,male,44,Brake Pads,92.03873602290307,2,184.07747204580613,cash,Ipoh
O7L2F568,female,52,Tyre,195.80872952112418,1,195.80872952112418,e-wallet,Pulau Pinang
MC8JL2A4,male,32,Brake Disc,96.31251820672577,2,192.62503641345154,e-wallet,Seremban
0HMF95MP,male,43,Wiper blade,167.9762906975682,3,503.92887209270464,e-wallet,Kuala Lumpur
QF4P0BZ9,female,45,All-Purpose Cleaner,104.26622352935529,4,417.06489411742115,e-wallet,Seremban
4Q212N2M,male,28,Spark Plugs,69.4605868162055,9,625.1452813458495,card,Ipoh
87114HBV,female,39,Ignition Coils,168.46950803372062,5,842.347540168603,cash,Ipoh
5GLLODXX,female,21,Spark Plugs,100.76841141226274,2,201.53682282452547,card,Seremban
KCK42U8O,female,31,Suspension,167.84779582419094,7,1174.9345707693365,card,Ipoh
WO961UXN,female,50,Suspension,106.94900080964132,5,534.7450040482066,card,Seremban
AE9D8K6K,male,46,Brake Disc,90.38318425635035,3,271.14955276905107,cash,Johor Bahru
KO6OGXRW,female,23,Tyre,94.34244523711035,6,566.0546714226621,cash,Kuala Lumpur
IWQ1XT5O,male,21,Brake Pads,88.49434918264382,9,796.4491426437944,card,Kuala Lumpur
VXOMY7ME,male,31,Tyre,145.71183205956993,6,874.2709923574196,cash,Seremban
PN31T9C5,male,37,Ignition Coils,100.17389965583939,7,701.2172975908758,card,Kuala Lumpur
C8NY0TGO,male,27,Ignition Coils,129.40444214029753,1,129.40444214029753,cash,Ipoh
V9R6UKI1,male,43,Brake Pads,81.48833206091929,1,81.48833206091929,card,Johor Bahru
ZG2LVOQI,female,44,Wiper blade,62.095302705691026,4,248.3812108227641,card,Kuala Lumpur
HIB65JXL,female,28,Ignition Coils,142.52092214749396,2,285.0418442949879,e-wallet,Johor Bahru
WHZ858CS,male,18,Suspension,53.63518912357618,9,482.71670211218566,card,Kuala Lumpur
R3NCYGWK,female,34,Brake Disc,139.54155147326003,6,837.2493088395602,card,Pulau Pinang
4077MJDM,female,21,All-Purpose Cleaner,124.62367053276934,10,1246.2367053276935,e-wallet,Ipoh
B2HM0QAA,female,26,Spark Plugs,173.9347968059744,9,1565.4131712537696,card,Seremban
F9KFOR5S,female,33,Ignition Coils,129.24509538332882,5,646.2254769166441,cash,Ipoh
TWQN19I4,male,26,Suspension,169.31041633504333,6,1015.86249801026,card,Kuala Lumpur
KBD4YVA5,female,46,All-Purpose Cleaner,66.2237551962833,5,331.11877598141655,card,Pulau Pinang
3Q9D6HRS,female,39,Brake Disc,80.18893672129191,4,320.75574688516764,card,Pulau Pinang
7OB7AXLN,male,27,Air Freshener,56.02258140910341,5,280.11290704551703,card,Johor Bahru
NHK1J07G,male,44,Ignition Coils,193.6364025832149,3,580.9092077496447,e-wallet,Pulau Pinang
MKOADWKW,female,60,Suspension,164.72539549598656,5,823.6269774799327,cash,Seremban
7XPNEQLO,female,39,Brake Disc,151.56502325107743,6,909.3901395064646,card,Seremban
Y1Z4NPD8,female,19,Ignition Coils,123.97207287132537,8,991.7765829706029,cash,Ipoh
W3ZW8TM9,male,56,Ignition Coils,91.53701935601607,10,915.3701935601607,e-wallet,Kuala Lumpur
RRT7TGM2,female,48,Ignition Coils,109.17248323392069,2,218.34496646784137,cash,Kuala Lumpur
CFV0L2FJ,female,60,Wiper blade,168.9794282187313,3,506.9382846561939,cash,Johor Bahru
TD0GEXW1,female,33,Ignition Coils,186.40477450201718,9,1677.6429705181545,card,Johor Bahru
K5PQ02YA,male,49,Air Freshener,112.79896664018227,1,112.79896664018227,e-wallet,Seremban
LLLDO3YT,female,25,Spark Plugs,148.17425240006474,5,740.8712620003237,card,Kuala Lumpur
OZVUUC96,male,53,Wiper blade,81.22402554071431,3,243.67207662214292,card,Pulau Pinang
PR75DCYA,male,55,Tyre,75.03851512952829,3,225.11554538858488,card,Johor Bahru
IRTTM454,female,31,Air Freshener,65.19445420156916,1,65.19445420156916,e-wallet,Pulau Pinang
TV1G6MTP,male,55,Ignition Coils,189.76011184016815,6,1138.5606710410088,cash,Kuala Lumpur
0NYYS84V,female,42,Spark Plugs,139.70703096991355,1,139.70703096991355,e-wallet,Seremban
8PZJZFG3,female,22,Suspension,63.313299799604444,6,379.8797987976267,cash,Pulau Pinang
A436P94Y,male,28,Air Freshener,78.3289755375079,9,704.9607798375711,cash,Kuala Lumpur
6RBOPCB5,female,23,Brake Pads,119.63345375755341,6,717.8007225453205,cash,Johor Bahru
2RWMAZ6E,female,40,All-Purpose Cleaner,150.4293373465382,8,1203.4346987723056,e-wallet,Seremban
A1G059X8,male,26,Brake Pads,122.29438008835267,6,733.766280530116,cash,Johor Bahru
63N9OKVT,male,18,Brake Pads,109.67666200390056,2,219.35332400780112,card,Pulau Pinang
UGOQNMUP,female,53,Ignition Coils,139.3731985976916,7,975.6123901838413,card,Pulau Pinang
I8I7OSF3,female,20,Air Freshener,88.57255763805173,7,620.0079034663621,card,Ipoh
I53NZE62,male,39,Spark Plugs,79.18486673495423,9,712.663800614588,card,Ipoh
E7CG359A,male,54,Tyre,123.57536750426215,3,370.72610251278644,cash,Kuala Lumpur
5YLPNRY6,male,45,Brake Disc,89.32937167265416,5,446.6468583632708,cash,Kuala Lumpur
MMVHMU1C,male,43,Ignition Coils,150.58093433427348,4,602.3237373370939,cash,Johor Bahru
IBRFFG2N,female,41,All-Purpose Cleaner,161.32654826672183,7,1129.2858378670528,cash,Pulau Pinang
GYAPJJUG,male,20,Wiper blade,152.29287926218853,1,152.29287926218853,card,Pulau Pinang
26WB7D77,male,35,Spark Plugs,158.89309525231977,9,1430.0378572708778,cash,Johor Bahru
B7Q89ZJS,female,35,Air Freshener,141.94535499478224,3,425.8360649843467,cash,Johor Bahru
FHHTG50R,female,40,Ignition Coils,135.05463240765152,1,135.05463240765152,e-wallet,Seremban
98X9LLMC,female,56,All-Purpose Cleaner,112.67814650483933,5,563.3907325241967,e-wallet,Ipoh
UEJPQ3O4,female,51,Suspension,86.16188554325858,9,775.4569698893272,cash,Ipoh
TZVEZBB7,female,41,Tyre,189.23782145887012,7,1324.664750212091,cash,Ipoh
JS3O155R,female,27,Air Freshener,88.88562587105821,9,799.9706328395239,e-wallet,Johor Bahru
VEZOY0Y7,female,18,Tyre,95.30123029404942,6,571.8073817642965,e-wallet,Pulau Pinang
GZZ4HPMS,female,54,Wiper blade,138.69217248696685,6,832.1530349218011,card,Pulau Pinang
78IKOZJW,male,51,Suspension,79.87838222569714,9,718.9054400312742,e-wallet,Pulau Pinang
36QAGV8X,male,51,Spark Plugs,180.62712053630153,8,1445.0169642904123,e-wallet,Kuala Lumpur
R4O16SCB,female,53,Ignition Coils,143.1117134137952,10,1431.117134137952,card,Ipoh
8786OBGB,female,47,Brake Pads,102.76247356830618,2,205.52494713661235,e-wallet,Pulau Pinang
08SSX0R2,female,36,Ignition Coils,122.90739640099832,7,860.3517748069883,card,Ipoh
35NIQZJ5,male,59,Brake Disc,74.02874466043451,1,74.02874466043451,e-wallet,Ipoh
PE3N0A3J,female,30,Ignition Coils,95.53946616321196,8,764.3157293056956,cash,Kuala Lumpur
FOW2TWG8,female,37,Ignition Coils,176.5253574779137,4,706.1014299116548,card,Ipoh
SNISZJ3I,male,38,Brake Disc,171.56658683801214,4,686.2663473520486,cash,Kuala Lumpur
1BWTSJJ1,female,18,All-Purpose Cleaner,82.0334000638576,1,82.0334000638576,e-wallet,Pulau Pinang
VLAILN29,male,19,Wiper blade,132.74542786028846,6,796.4725671617307,cash,Pulau Pinang
RXGVTTZ4,male,35,Brake Disc,129.11938595877803,6,774.7163157526682,cash,Pulau Pinang
8HA8XIAR,male,41,Brake Disc,157.23054359710403,8,1257.8443487768322,card,Pulau Pinang
L9HDATZD,female,35,Ignition Coils,96.026618335616,10,960.2661833561601,e-wallet,Seremban
XCUBYG1P,male,45,Brake Pads,150.81491954339037,2,301.62983908678075,cash,Ipoh
DKD609BA,female,60,Air Freshener,143.29518490173302,2,286.59036980346605,cash,Johor Bahru
H71PT7SY,male,43,Tyre,168.88025971390505,9,1519.9223374251455,cash,Kuala Lumpur
3ZFG0LJB,male,59,Suspension,50.801278062967654,5,254.00639031483826,e-wallet,Seremban
ZCLNM4Z1,female,45,Spark Plugs,139.36075666199224,1,139.36075666199224,e-wallet,Ipoh
3K5L6N9T,male,27,Air Freshener,167.81917097083485,2,335.6383419416697,e-wallet,Kuala Lumpur
G5XLBGCA,male,48,All-Purpose Cleaner,83.56703501575535,2,167.1340700315107,cash,Seremban
YR992R5D,female,48,Ignition Coils,114.91340202586422,4,459.65360810345686,cash,Kuala Lumpur
FBPGGTAO,male,33,Suspension,168.44166131074553,9,1515.9749517967098,cash,Johor Bahru
J1FYARX4,male,29,Suspension,135.56325135956394,9,1220.0692622360755,cash,Seremban
BQA0FI89,male,26,Air Freshener,74.84332210175928,5,374.2166105087964,e-wallet,Kuala Lumpur
EHF4603N,male,29,Brake Pads,78.13694184394384,9,703.2324765954946,cash,Ipoh
V3LA594S,male,29,Brake Pads,123.77910326007591,8,990.2328260806073,e-wallet,Pulau Pinang
X5I0Z2V2,female,51,Air Freshener,134.08572440753196,9,1206.7715196677875,e-wallet,Johor Bahru
VPNOWYFO,female,34,Wiper blade,63.88147079831919,7,447.17029558823435,e-wallet,Ipoh
QTRWS9U8,female,21,Brake Disc,180.77096820342223,10,1807.7096820342222,card,Seremban
RK6S9EZN,female,42,Air Freshener,65.14984215725863,9,586.3485794153277,cash,Seremban
FB7R675C,male,36,All-Purpose Cleaner,92.87835658317185,5,464.39178291585927,cash,Pulau Pinang
D5RZN33D,male,27,Air Freshener,90.69736887533642,4,362.7894755013457,e-wallet,Ipoh
SHG6ZXH9,female,50,Brake Disc,108.51952713805929,1,108.51952713805929,cash,Pulau Pinang
IEI5PXJX,male,18,Suspension,178.83972343407575,5,894.1986171703787,e-wallet,Johor Bahru
EWVF2A0N,male,24,Air Freshener,166.3721875545353,9,1497.3496879908175,card,Kuala Lumpur
6AV8HVH0,female,48,Air Freshener,73.43585306631076,4,293.743412265243,cash,Pulau Pinang
1KX7PD8D,male,34,Brake Pads,62.904600404762746,3,188.71380121428825,cash,Kuala Lumpur
X66UHL5A,male,52,Suspension,197.74308386796295,3,593.2292516038889,e-wallet,Seremban
QFC719TI,female,49,Brake Disc,187.21590091973678,6,1123.2954055184207,cash,Johor Bahru
5V4U9U5D,female,24,Spark Plugs,195.6165926150977,3,586.849777845293,card,Ipoh
0QNBKP1F,male,46,Spark Plugs,144.3586000955272,3,433.0758002865816,e-wallet,Pulau Pinang
UF8GP1TG,male,57,Wiper blade,119.71532905567038,2,239.43065811134076,e-wallet,Seremban
8NI9KHE7,male,40,Brake Disc,121.16033675741184,2,242.32067351482368,card,Kuala Lumpur
2EGWE1KZ,female,19,Tyre,92.79520561516483,10,927.9520561516483,card,Pulau Pinang
PI9G7QME,female,43,Tyre,119.64156980571194,3,358.92470941713583,cash,Johor Bahru
KE1K5L2D,male,36,Ignition Coils,82.30163362517358,6,493.8098017510415,cash,Ipoh
XHH7VNAQ,male,43,Spark Plugs,120.32991107430547,3,360.9897332229164,e-wallet,Ipoh
R3ZS2M03,female,24,Wiper blade,58.70839777882967,6,352.25038667297804,card,Pulau Pinang
8H5VBUCP,male,56,All-Purpose Cleaner,102.3392191878344,5,511.696095939172,cash,Seremban
R0WLST9H,female,35,Wiper blade,77.7358242577224,3,233.20747277316718,card,Pulau Pinang
SDYWXABS,male,49,All-Purpose Cleaner,119.26514039642188,8,954.1211231713751,e-wallet,Seremban
A9C565OM,male,61,Wiper blade,163.5357790711946,2,327.0715581423892,cash,Ipoh
E7DSYCZA,male,61,Ignition Coils,103.92659697933155,5,519.6329848966577,cash,Ipoh
DM4C4O1N,male,25,Air Freshener,150.86237763382672,1,150.86237763382672,e-wallet,Kuala Lumpur
4JPOIWVH,female,30,All-Purpose Cleaner,53.00267490404137,1,53.00267490404137,e-wallet,Johor Bahru
31GR3CSP,male,57,Air Freshener,168.32552909894247,3,504.9765872968274,e-wallet,Seremban
85D6IR7L,male,52,Air Freshener,75.73571062034533,5,378.67855310172666,card,Pulau Pinang
CQ1V2XWY,male,54,Brake Pads,194.36065898899113,8,1554.885271911929,e-wallet,Pulau Pinang
TMPSRW38,female,61,Brake Pads,176.1616321654823,10,1761.616321654823,cash,Ipoh
CKQ78EJ6,female,51,Air Freshener,180.0039542944974,8,1440.0316343559791,card,Kuala Lumpur
OR7AJ0FA,female,36,Suspension,94.31981025000292,1,94.31981025000292,e-wallet,Ipoh
TW67MTNX,female,59,Wiper blade,68.96039652636101,7,482.72277568452705,cash,Ipoh
7HGZ09O4,male,54,Wiper blade,53.2301800197089,4,212.9207200788356,e-wallet,Ipoh
19OXTAQ7,female,52,Suspension,105.92191400368476,7,741.4533980257934,cash,Johor Bahru
6KRQO42O,male,43,Suspension,116.02047790144522,3,348.0614337043356,e-wallet,Kuala Lumpur
KOTBAGZI,male,35,Spark Plugs,173.75996088402468,9,1563.839647956222,card,Kuala Lumpur
76ELM4Y1,female,27,Brake Pads,108.84069907017334,2,217.6813981403467,cash,Kuala Lumpur
1G2V5ER2,female,54,Tyre,131.88298262664813,10,1318.8298262664812,card,Kuala Lumpur
J45CWN0N,female,59,Brake Pads,154.637694952881,4,618.550779811524,card,Ipoh
MC91UWIZ,male,20,Brake Pads,119.46901292408101,4,477.87605169632405,e-wallet,Johor Bahru
FZB9MIJ4,female,41,Brake Pads,134.49408830181918,6,806.9645298109151,card,Seremban
PWMKOV6Q,female,23,Spark Plugs,133.43151407433496,9,1200.8836266690146,e-wallet,Pulau Pinang
0C1YU7HH,male,44,Ignition Coils,52.562043173811254,10,525.6204317381125,cash,Ipoh
HAZ75WY3,female,54,All-Purpose Cleaner,68.59271719054007,1,68.59271719054007,card,Seremban
DY45QPCA,male,50,Air Freshener,65.89212451013013,2,131.78424902026026,e-wallet,Kuala Lumpur
RJZ1TQ7R,female,41,Ignition Coils,188.39041727644164,9,1695.5137554879748,cash,Seremban
9THUNXPS,male,47,Brake Disc,96.22212972929992,2,192.44425945859984,card,Johor Bahru
005ZOUFW,female,60,Air Freshener,194.38890607956364,9,1749.5001547160728,cash,Seremban
HFB1JXSD,male,56,Ignition Coils,85.52911474577674,4,342.11645898310695,e-wallet,Kuala Lumpur
UB8VFUNO,male,47,All-Purpose Cleaner,61.02207965464383,7,427.1545575825068,cash,Seremban
SRBUPWGR,male,55,Wiper blade,64.07226383915342,7,448.50584687407394,e-wallet,Ipoh
LHX0GPKP,female,56,Spark Plugs,51.55941317545845,10,515.5941317545845,cash,Kuala Lumpur
C02BVMZM,female,48,All-Purpose Cleaner,112.54028076243215,2,225.0805615248643,e-wallet,Johor Bahru
I69695LY,male,60,Brake Disc,114.43610683554485,9,1029.9249615199037,cash,Johor Bahru
KL5DO7NK,male,51,Brake Pads,79.85776986735573,9,718.7199288062016,e-wallet,Pulau Pinang
YCOYVPQY,male,21,Spark Plugs,198.84441156491627,6,1193.0664693894976,card,Seremban
NAQJHG35,male,35,Ignition Coils,191.37193971358846,6,1148.2316382815306,e-wallet,Seremban
DKNZJ3W7,female,54,Wiper blade,175.04262823791285,3,525.1278847137386,e-wallet,Johor Bahru
DYGX367M,male,20,Brake Disc,196.77169164035317,7,1377.4018414824723,e-wallet,Kuala Lumpur
SFFM00S4,male,40,Brake Pads,67.10080885667595,3,201.30242657002788,e-wallet,Kuala Lumpur
T2234BCS,male,20,Air Freshener,88.74616774737322,3,266.2385032421197,cash,Pulau Pinang
9NUZC88C,male,36,Air Freshener,110.12637022719716,10,1101.2637022719716,card,Pulau Pinang
O7HMFVO5,female,24,Tyre,169.4076124618949,5,847.0380623094745,card,Johor Bahru
2ZEG2PTE,male,23,Wiper blade,180.38119333008862,7,1262.6683533106204,e-wallet,Pulau Pinang
65IZ2X6U,male,19,Air Freshener,96.7907947086225,9,871.1171523776025,card,Ipoh
19YDG0MD,female,21,Air Freshener,176.6052490441353,4,706.4209961765412,card,Pulau Pinang
7MUJHCLE,male,52,Wiper blade,62.79525761159789,5,313.97628805798945,cash,Pulau Pinang
YJBIYAGF,male,52,All-Purpose Cleaner,153.9900088724058,2,307.9800177448116,card,Ipoh
TQ82PLJV,male,39,Brake Pads,192.06408943878478,6,1152.3845366327087,cash,Pulau Pinang
7766GJZ0,female,28,Brake Disc,67.74049800363889,5,338.70249001819445,cash,Seremban
SBEUEG4I,male,54,Brake Pads,80.71579869428128,4,322.8631947771251,e-wallet,Ipoh
HHVS6K8C,male,43,Ignition Coils,99.42437401409495,5,497.12187007047476,card,Kuala Lumpur
7Y2LRTP1,female,49,Tyre,140.23564360496738,8,1121.885148839739,e-wallet,Kuala Lumpur
91U1L5RG,female,54,Air Freshener,169.45028579614143,10,1694.5028579614143,cash,Johor Bahru
0M1U07BA,female,35,Wiper blade,90.36959169306832,2,180.73918338613663,card,Seremban
JMZOJ5GM,female,43,Ignition Coils,197.35967139045331,4,789.4386855618133,e-wallet,Kuala Lumpur
BFFNGOC1,male,55,Suspension,105.08082675156822,9,945.727440764114,card,Ipoh
WHI00240,male,29,Wiper blade,85.23574867801783,7,596.6502407461248,card,Kuala Lumpur
7KRVTB9H,male,22,Ignition Coils,95.2185507816404,4,380.8742031265616,card,Kuala Lumpur
VHFY1V53,female,25,All-Purpose Cleaner,198.62932260366395,8,1589.0345808293116,cash,Pulau Pinang
71DM2YYU,male,36,Brake Disc,111.55428019465168,3,334.662840583955,card,Pulau Pinang
66S70UM3,male,20,Spark Plugs,95.56982203918596,2,191.13964407837193,cash,Pulau Pinang
G4BSEP2X,female,58,Wiper blade,138.23003794564778,9,1244.07034151083,e-wallet,Seremban
EHT6DSZN,female,33,All-Purpose Cleaner,55.87373744780744,1,55.87373744780744,cash,Pulau Pinang
DG0HSFCT,female,58,All-Purpose Cleaner,189.83489843564308,6,1139.0093906138586,cash,Kuala Lumpur
AYKTJBEB,female,61,Suspension,67.42461946547793,3,202.2738583964338,cash,Seremban
LEXNPD9J,male,55,All-Purpose Cleaner,131.75332830326238,7,922.2732981228366,e-wallet,Seremban
FNKL6KCN,male,38,Wiper blade,67.04320856689094,2,134.08641713378188,e-wallet,Seremban
Y1BZC6X1,female,48,Ignition Coils,101.81617409121749,8,814.5293927297399,card,Johor Bahru
LW5BG9LZ,male,49,Air Freshener,107.78537735716263,6,646.7122641429758,card,Johor Bahru
R5RWYVWM,female,51,Brake Pads,164.96564162195347,9,1484.6907745975811,e-wallet,Seremban
RXXDRYT9,female,29,Brake Pads,101.72341594648617,3,305.1702478394585,cash,Johor Bahru
BZNCGKF8,male,43,Spark Plugs,157.5855457142947,6,945.5132742857683,cash,Kuala Lumpur
Z46K2659,female,18,Tyre,78.65248463268499,3,235.95745389805495,e-wallet,Johor Bahru
06QZ1RE9,male,44,Suspension,82.52274677212453,9,742.7047209491208,cash,Pulau Pinang
9QVPWS3N,female,34,Ignition Coils,110.75219709314163,10,1107.5219709314163,cash,Johor Bahru
TXVWKMWS,male,61,All-Purpose Cleaner,135.28368474158026,8,1082.269477932642,cash,Ipoh
LKPQSL2K,female,36,Brake Disc,164.83940642602775,10,1648.3940642602774,card,Kuala Lumpur
TFQQUE0C,male,21,Air Freshener,71.53343806411603,8,572.2675045129282,e-wallet,Seremban
S3A6ZQK9,male,56,Spark Plugs,199.778777511745,10,1997.78777511745,e-wallet,Kuala Lumpur
DINRQ5KU,female,41,Brake Disc,79.84455703575809,2,159.68911407151617,e-wallet,Pulau Pinang
JP29PBOG,female,52,All-Purpose Cleaner,140.45588110426073,8,1123.6470488340858,card,Johor Bahru
323M8Y77,male,35,Suspension,165.94964838872386,3,497.8489451661716,cash,Kuala Lumpur
YCJ0UD8S,male,18,Brake Disc,56.388762709548516,9,507.49886438593666,cash,Ipoh
1R1N0CQU,male,42,Suspension,185.10037789125144,10,1851.0037789125145,e-wallet,Seremban
0F857H0X,male,23,Ignition Coils,116.86168432525716,9,1051.7551589273144,e-wallet,Pulau Pinang
L2IE8IXN,male,53,Ignition Coils,153.59557333166435,4,614.3822933266574,cash,Kuala Lumpur
KPXAU9CL,male,26,Spark Plugs,139.7414726809343,8,1117.9317814474743,card,Ipoh
W8AQUIZ1,female,41,Air Freshener,189.03644942582616,6,1134.218696554957,card,Seremban
F9BMJCGD,female,53,Spark Plugs,192.9308122935833,6,1157.5848737614997,e-wallet,Seremban
OY6CZXEW,male,49,Tyre,73.6187486807628,9,662.5687381268652,card,Pulau Pinang
3L5A5LR0,female,32,Spark Plugs,69.64936190896084,6,417.8961714537651,cash,Johor Bahru
LB7WET32,female,46,All-Purpose Cleaner,50.28818637893309,1,50.28818637893309,card,Kuala Lumpur
IEB914O4,female,57,Tyre,56.148660076289154,4,224.59464030515662,e-wallet,Seremban
UJUXFSKL,male,44,Brake Pads,193.754974505201,2,387.509949010402,card,Kuala Lumpur
0QCRWR8C,male,49,Wiper blade,138.29157110625314,1,138.29157110625314,card,Johor Bahru
DV29FPW1,male,27,Tyre,181.92540363856114,9,1637.3286327470503,e-wallet,Kuala Lumpur
WU6HV79G,male,23,Brake Pads,51.81064345381745,3,155.43193036145234,e-wallet,Ipoh
OQIXNA0O,female,39,Tyre,161.69691748392881,3,485.09075245178644,cash,Seremban
CPXCT424,male,20,Spark Plugs,167.8386509139964,3,503.51595274198917,card,Ipoh
3PIIGYEL,female,57,Wiper blade,166.48648417393247,8,1331.8918733914597,cash,Kuala Lumpur
1HC7KHTH,female,41,All-Purpose Cleaner,67.1808902610903,5,335.9044513054515,cash,Ipoh
2PC8L578,male,50,Brake Pads,159.36537022822972,8,1274.9229618258378,cash,Pulau Pinang
N4OSDM0W,female,41,Suspension,145.62482008478523,8,1164.9985606782818,e-wallet,Pulau Pinang
AM7UT861,male,54,Spark Plugs,119.63292939646789,7,837.4305057752752,card,Kuala Lumpur
M537COTZ,female,37,Air Freshener,114.4870273143617,3,343.4610819430851,e-wallet,Seremban
FA9UEF4T,male,60,All-Purpose Cleaner,178.18241901989865,7,1247.2769331392906,cash,Kuala Lumpur
MI4A097A,male,59,Air Freshener,59.33626411511872,6,356.01758469071234,card,Ipoh
89Q0NTJD,female,39,Suspension,117.5286899749996,5,587.6434498749979,cash,Seremban
KJIPMXHZ,female,34,Suspension,181.9487322600375,8,1455.5898580803,e-wallet,Johor Bahru
9IR8P59Q,male,46,Brake Disc,50.5444791669478,6,303.2668750016868,cash,Pulau Pinang
NQPDLHRE,male,32,Brake Pads,82.59855374461418,10,825.9855374461417,e-wallet,Ipoh
RMMQ3Z7O,male,19,Brake Pads,79.94625321283036,3,239.83875963849107,cash,Pulau Pinang
YDSTIEK1,female,36,Brake Disc,138.7413491624651,8,1109.9307932997208,cash,Kuala Lumpur
ZNTU0OHR,female,52,Wiper blade,95.00802793336496,3,285.0240838000949,cash,Johor Bahru
QC6C9LDQ,female,46,Air Freshener,163.98291541588014,7,1147.880407911161,e-wallet,Kuala Lumpur
6SOBLUO9,male,18,Suspension,113.95718073345638,8,911.6574458676511,e-wallet,Johor Bahru
HI7MTJW8,female,32,Suspension,81.99551371633763,5,409.97756858168816,card,Seremban
47Y9EYB7,female,18,Suspension,146.02082467109085,6,876.1249480265451,e-wallet,Ipoh
VQNCOIT8,female,23,Spark Plugs,59.844964361957146,5,299.22482180978574,e-wallet,Pulau Pinang
6NDH27RR,male,25,Wiper blade,98.68628978564291,1,98.68628978564291,e-wallet,Seremban
RW7YXSYT,female,51,Air Freshener,134.0639692992213,1,134.0639692992213,card,Seremban
AT1PTCGM,female,60,Brake Disc,100.62288750960617,7,704.3602125672433,e-wallet,Kuala Lumpur
FB4DM59U,male,47,Wiper blade,198.89744058905504,3,596.6923217671651,card,Kuala Lumpur
LVIRAA3J,female,53,Suspension,123.51177455418663,3,370.5353236625599,card,Pulau Pinang
VPO4QA6H,female,41,Suspension,134.52029188402963,9,1210.6826269562666,e-wallet,Johor Bahru
69KRGM5N,female,48,Suspension,112.06379349938788,10,1120.6379349938788,cash,Seremban
J8N69BIZ,female,44,Air Freshener,149.3902608428263,6,896.3415650569578,cash,Pulau Pinang
W47KPP7E,male,27,Suspension,115.42067278757213,5,577.1033639378606,card,Kuala Lumpur
RRG5TRJG,female,24,Tyre,173.43511650134224,5,867.1755825067112,cash,Kuala Lumpur
XMEBIRNR,male,51,Air Freshener,77.81529902838845,9,700.3376912554961,e-wallet,Seremban
5OZVMMMU,female,28,Air Freshener,113.25251647025135,8,906.0201317620108,e-wallet,Johor Bahru
HNC1SEYS,male,34,Spark Plugs,73.42167117683552,9,660.7950405915196,e-wallet,Johor Bahru
026TE82U,female,27,Tyre,115.98381653083804,5,579.9190826541902,card,Pulau Pinang
YS90YYQ2,female,53,Tyre,91.12009220348622,6,546.7205532209173,card,Pulau Pinang
NK7I7X3R,female,60,Brake Pads,183.80167192630748,9,1654.2150473367674,e-wallet,Seremban
7K31YX4G,female,27,Tyre,60.40233594670049,1,60.40233594670049,card,Pulau Pinang
SSH2Q5NK,male,46,Tyre,144.97616630638197,2,289.95233261276394,cash,Johor Bahru
V063GD06,female,18,Air Freshener,106.48649529059321,5,532.4324764529661,e-wallet,Pulau Pinang
J3NJRP3U,male,52,Air Freshener,150.46766542536125,7,1053.2736579775287,cash,Kuala Lumpur
AODUBT8J,male,55,Air Freshener,180.03520457991567,4,720.1408183196627,cash,Johor Bahru
76OCSQ2S,female,42,Brake Pads,192.45362151897928,5,962.2681075948964,card,Kuala Lumpur
2LGM0MBC,female,48,Brake Disc,137.27029003012254,5,686.3514501506127,card,Seremban
AUQP6CEF,female,20,Brake Disc,91.94640704850434,9,827.5176634365391,e-wallet,Johor Bahru
JFPU2JPJ,male,47,Suspension,118.41990540491187,9,1065.7791486442068,cash,Kuala Lumpur
IGSTNK4M,female,51,Ignition Coils,173.3707200292069,6,1040.2243201752412,e-wallet,Kuala Lumpur
YN01VLGC,female,26,Brake Pads,188.1043842422649,6,1128.6263054535893,card,Kuala Lumpur
VYEMFPJS,female,57,Brake Disc,96.35257193085926,10,963.5257193085926,cash,Johor Bahru
FY8M2DV3,male,40,All-Purpose Cleaner,192.495170322117,1,192.495170322117,e-wallet,Pulau Pinang
RD75BBY0,female,42,Tyre,94.74253113506539,8,757.9402490805231,cash,Seremban
6OGWKS04,male,54,Wiper blade,165.02458101022677,5,825.1229050511338,e-wallet,Ipoh
LNJHFPUE,female,59,Wiper blade,92.13145997347135,5,460.65729986735676,cash,Seremban
MIFVCSZK,male,38,Ignition Coils,57.447346431402224,9,517.02611788262,cash,Kuala Lumpur
EZ7HNWFG,female,22,Brake Pads,107.69195916848764,8,861.5356733479011,card,Seremban
G3XM0MOB,male,26,All-Purpose Cleaner,100.79528614588997,5,503.9764307294499,card,Pulau Pinang
BMR323M0,male,34,Tyre,132.91494574883757,7,930.404620241863,cash,Kuala Lumpur
UDD31R0R,female,29,Ignition Coils,50.97418260062895,1,50.97418260062895,card,Pulau Pinang
L8G30X56,female,29,Ignition Coils,67.95308718186206,8,543.6246974548965,e-wallet,Pulau Pinang
7W8V8268,male,19,Wiper blade,105.43782396566837,9,948.9404156910153,cash,Pulau Pinang
64W2NPSR,female,50,Tyre,185.10459584549653,4,740.4183833819861,cash,Seremban
HM9UXIQK,female,35,Wiper blade,191.75684362771412,1,191.75684362771412,cash,Johor Bahru
XTWLERAJ,male,40,Suspension,65.61320846659116,5,328.0660423329558,e-wallet,Ipoh
T5651QA0,male,30,Tyre,138.47297986921592,2,276.94595973843184,card,Johor Bahru
12QO097Q,female,47,Air Freshener,151.87284975156436,6,911.2370985093862,cash,Kuala Lumpur
XI7BGP5O,female,19,Air Freshener,155.5819862832208,5,777.909931416104,cash,Kuala Lumpur
GSY8XEB8,female,56,Spark Plugs,162.47095708545106,8,1299.7676566836085,cash,Pulau Pinang
4R4NAUWQ,male,41,Air Freshener,143.43113312933033,8,1147.4490650346427,cash,Kuala Lumpur
DQY5Q3IM,female,38,Tyre,53.11194814400627,2,106.22389628801254,card,Seremban
OQKODW2S,female,50,All-Purpose Cleaner,112.93051574684439,1,112.93051574684439,cash,Pulau Pinang
O6P761FH,female,39,Ignition Coils,167.70245104034848,3,503.10735312104543,card,Kuala Lumpur
LFA8I5YK,male,25,All-Purpose Cleaner,160.18806732631828,10,1601.8806732631829,e-wallet,Ipoh
V70ZVJ2K,male,50,Brake Pads,153.6357244913461,7,1075.4500714394228,cash,Ipoh
V1XKAJQI,male,37,Suspension,131.78262701966668,4,527.1305080786667,card,Seremban
W0T14K3N,female,34,Brake Disc,97.14892768824367,6,582.893566129462,card,Ipoh
SVUKPMD9,male,44,Suspension,97.45637906546258,10,974.5637906546258,cash,Kuala Lumpur
L9FK4SYX,male,49,Suspension,183.6595847558116,5,918.297923779058,cash,Seremban
U55JVRT7,female,44,Ignition Coils,129.7076921627851,9,1167.369229465066,card,Kuala Lumpur
18QPK9I5,male,34,All-Purpose Cleaner,162.66696492747246,3,488.0008947824174,e-wallet,Kuala Lumpur
Y2BJ6K5D,female,37,Brake Pads,94.73553935861443,6,568.4132361516865,cash,Kuala Lumpur
1V9AKO87,male,53,Spark Plugs,135.5577828699758,3,406.6733486099274,cash,Kuala Lumpur
KMQ3QUME,male,39,Brake Pads,165.20332505901916,2,330.4066501180383,e-wallet,Johor Bahru
DT9OWJFJ,male,22,Brake Disc,175.16895124201343,5,875.8447562100672,cash,Johor Bahru
6BSY80TB,female,20,Ignition Coils,71.06287785500183,9,639.5659006950165,e-wallet,Seremban
LN7KEEJS,male,27,Brake Pads,143.38928425889907,1,143.38928425889907,card,Kuala Lumpur
EAV138H0,male,40,Ignition Coils,143.43030326656645,9,1290.872729399098,card,Ipoh
N9LNJ4XV,female,26,Brake Disc,129.5599804241342,5,647.799902120671,cash,Seremban
4X9TRFV9,male,22,Air Freshener,160.33434759330845,9,1443.009128339776,card,Pulau Pinang
JZDSNJTD,female,56,Tyre,104.18240926685331,5,520.9120463342665,cash,Seremban
J64UPHIB,male,51,Wiper blade,119.85047094135524,4,479.40188376542096,card,Johor Bahru
6WJZC6R8,male,46,All-Purpose Cleaner,82.86772079755885,7,580.0740455829119,cash,Johor Bahru
SJ9YBWK0,male,34,Brake Disc,98.51728921278898,1,98.51728921278898,cash,Pulau Pinang
PA1STJ22,female,45,Spark Plugs,53.43227753537402,9,480.89049781836616,cash,Ipoh
BOVI7Y3R,female,36,Wiper blade,100.53047052861858,3,301.5914115858557,cash,Kuala Lumpur
MCEXCN05,male,40,Wiper blade,62.73358946203628,1,62.73358946203628,cash,Pulau Pinang
F3FTX1WO,female,37,Air Freshener,194.20854232639206,4,776.8341693055683,e-wallet,Ipoh
5H089879,female,24,Air Freshener,80.8683793076975,5,404.3418965384875,card,Kuala Lumpur
VD0KGC3L,female,59,Ignition Coils,196.48810377634783,8,1571.9048302107826,e-wallet,Ipoh
D1DZFZ0A,male,29,Tyre,130.0363991769385,4,520.145596707754,card,Johor Bahru
9LWHOVHT,male,58,Brake Disc,144.9447367740565,8,1159.557894192452,card,Ipoh
1DW6BICY,male,26,Suspension,75.79192748356587,6,454.7515649013952,card,Johor Bahru
MILGPC4J,male,31,Spark Plugs,93.22492547726856,5,466.1246273863428,cash,Ipoh
4GIMI1BW,female,22,Suspension,153.37736749975682,2,306.75473499951363,e-wallet,Pulau Pinang
GSPZVSCY,male,33,Spark Plugs,163.92159349234015,7,1147.451154446381,card,Johor Bahru
OJI36IY6,male,33,All-Purpose Cleaner,162.28711132734375,10,1622.8711132734375,e-wallet,Pulau Pinang
IKO3485M,male,55,Air Freshener,156.7831831876381,8,1254.2654655011047,cash,Kuala Lumpur
N6CTYCSN,male,45,Suspension,51.613316412990635,1,51.613316412990635,e-wallet,Kuala Lumpur
2PGVRROE,male,61,Brake Pads,152.1212682474596,1,152.1212682474596,cash,Pulau Pinang
LST8ZUHQ,male,44,Spark Plugs,99.95624130074366,9,899.6061717066929,card,Ipoh
A2E3BB3Z,male,43,Suspension,138.25532574708865,7,967.7872802296206,card,Ipoh
95GG6S7D,female,51,Brake Pads,94.75492955958143,5,473.77464779790716,e-wallet,Pulau Pinang
I2Y0QG85,female,45,Suspension,91.36023421453748,3,274.0807026436124,cash,Seremban
X37SACVX,male,22,Brake Disc,178.03419537723073,7,1246.239367640615,cash,Kuala Lumpur
97RW1WHD,female,21,Tyre,104.1196990128106,8,832.9575921024848,card,Johor Bahru
3PWFKTTQ,female,60,Spark Plugs,187.6763212014822,3,563.0289636044466,cash,Ipoh
5PTHUQLK,male,18,Brake Disc,177.8519627394244,5,889.259813697122,cash,Seremban
4F0N4F0I,female,20,Ignition Coils,74.79314949526885,3,224.37944848580656,cash,Seremban
WOSVSDGE,female,35,All-Purpose Cleaner,62.25252658873833,3,186.75757976621497,card,Pulau Pinang
Q9HO0YLK,female,38,Air Freshener,115.05014333507336,5,575.2507166753668,e-wallet,Ipoh
8M3R3A94,male,52,Brake Disc,125.74806602733992,9,1131.7325942460593,cash,Johor Bahru
KMAWLDKD,female,58,Brake Disc,99.0253165539117,2,198.0506331078234,cash,Johor Bahru
GITG37U4,female,43,Brake Disc,56.083758067268825,9,504.75382260541943,e-wallet,Kuala Lumpur
ZFE0R5PV,female,44,All-Purpose Cleaner,153.47444218245005,3,460.42332654735014,card,Pulau Pinang
HOWQN1CI,female,39,Suspension,84.0067278788098,1,84.0067278788098,e-wallet,Pulau Pinang
OF44BNMJ,female,34,All-Purpose Cleaner,113.01256360262838,2,226.02512720525675,e-wallet,Kuala Lumpur
PSIZBTNK,male,41,Ignition Coils,152.09441233047914,5,760.4720616523957,e-wallet,Kuala Lumpur
T4DW2UG2,female,44,Air Freshener,140.10854317168761,10,1401.0854317168762,card,Johor Bahru
XQHP9NFG,female,18,Air Freshener,173.82736865467882,8,1390.6189492374306,cash,Johor Bahru
S8IJTQIG,female,27,Air Freshener,192.88728783410932,4,771.5491513364373,e-wallet,Pulau Pinang
JY7391AS,male,44,Suspension,62.10243700474397,1,62.10243700474397,cash,Seremban
AVKODARK,female,30,Suspension,109.79888305015251,6,658.793298300915,card,Seremban
7DL38N1R,female,40,Air Freshener,121.78342369035623,5,608.9171184517811,cash,Kuala Lumpur
8KMDE4NU,male,61,Spark Plugs,177.04098017519692,6,1062.2458810511816,card,Pulau Pinang
0OAUZWV7,male,40,Suspension,192.79880347861183,5,963.9940173930592,e-wallet,Ipoh
J31XRCFY,female,27,Spark Plugs,157.1215002227313,5,785.6075011136566,e-wallet,Seremban
OQ319P8W,male,51,All-Purpose Cleaner,92.8175248810698,6,556.9051492864188,card,Kuala Lumpur
87UIOD7C,male,20,Suspension,180.33971622822972,7,1262.378013597608,card,Seremban
S5T29UYD,female,44,Wiper blade,62.85701132026827,1,62.85701132026827,cash,Ipoh
9BAUKBFB,female,41,Spark Plugs,139.12674714260888,6,834.7604828556532,cash,Seremban
XOUSVLRI,female,24,Brake Pads,144.1199971262422,8,1152.9599770099376,cash,Pulau Pinang
Z0TW1NA8,male,40,All-Purpose Cleaner,104.86444025672652,6,629.1866415403591,cash,Johor Bahru
A20ALLBL,female,57,Tyre,151.31329792260374,4,605.253191690415,cash,Ipoh
ZKQWG944,male,22,Spark Plugs,84.51027381331502,2,169.02054762663005,cash,Johor Bahru
I09I447P,female,28,All-Purpose Cleaner,139.11042730840998,8,1112.8834184672799,cash,Seremban
M279HQLT,male,21,Air Freshener,172.59430001331287,3,517.7829000399386,cash,Kuala Lumpur
SYPPC3JM,male,50,Air Freshener,75.74090219913062,1,75.74090219913062,e-wallet,Johor Bahru
ROCQV2DU,male,50,All-Purpose Cleaner,62.44229863109027,1,62.44229863109027,card,Pulau Pinang
ZTM66Y4N,female,20,Spark Plugs,197.5453223100546,4,790.1812892402183,e-wallet,Johor Bahru
LGZDSIUC,female,27,Ignition Coils,148.52756616215981,2,297.05513232431963,e-wallet,Seremban
HRLGS7Q4,female,43,Brake Pads,69.33018292813796,10,693.3018292813796,cash,Ipoh
UOBAMMAR,female,36,Tyre,85.45088658117308,7,598.1562060682115,cash,Ipoh
3M11FIM0,male,33,Air Freshener,196.44465283285885,8,1571.5572226628708,e-wallet,Ipoh
UPH2MQB9,female,20,Suspension,154.7091975829566,8,1237.6735806636527,cash,Pulau Pinang
STHEX6ZR,male,36,Tyre,82.48983264259246,9,742.4084937833321,e-wallet,Johor Bahru
RNLI1CDS,female,44,Wiper blade,133.07788039364107,4,532.3115215745643,cash,Pulau Pinang
EZIGQUU3,male,36,Suspension,145.90018949044196,5,729.5009474522099,cash,Johor Bahru
M1SAUX6I,male,43,Ignition Coils,113.95611924157734,5,569.7805962078867,cash,Seremban
18QT96G8,male,22,Suspension,91.45851317668183,5,457.29256588340917,cash,Kuala Lumpur
PWXBD6BX,female,39,Suspension,196.89047762324424,2,393.7809552464885,cash,Kuala Lumpur
4HWSBLX7,male,44,Brake Disc,105.06441048120557,8,840.5152838496446,e-wallet,Johor Bahru
G7BPOV4L,male,28,Wiper blade,117.0564670214497,9,1053.5082031930474,e-wallet,Ipoh
XWW8PENP,female,41,Spark Plugs,174.82822511873974,7,1223.7975758311782,e-wallet,Pulau Pinang
1QZOZPIL,male,43,Suspension,148.97835308329866,6,893.8701184997919,card,Pulau Pinang
SKNCQZKJ,male,53,Wiper blade,77.9873663492831,1,77.9873663492831,cash,Pulau Pinang
9Y9UI28Q,female,18,Spark Plugs,51.88390923626228,3,155.65172770878684,card,Pulau Pinang
D68PXZ1M,female,19,Suspension,71.27015578924153,6,427.62093473544917,card,Kuala Lumpur
AZON8U9E,male,59,Spark Plugs,124.50663751058165,2,249.0132750211633,card,Johor Bahru
C5F75UK4,male,46,Brake Disc,169.67795055020306,4,678.7118022008123,cash,Johor Bahru
IHZ2PT1V,male,40,Air Freshener,97.64438298123738,4,390.57753192494954,cash,Kuala Lumpur
MYT4ZTBF,female,30,Suspension,108.48706396095378,9,976.3835756485839,cash,Seremban
7PYLNPZ9,female,21,Wiper blade,179.8623941266468,3,539.5871823799404,card,Kuala Lumpur
47QOF8DK,male,20,All-Purpose Cleaner,107.0103245932333,6,642.0619475593999,card,Ipoh
1SCVT2GL,female,33,Suspension,171.04116012734224,8,1368.329281018738,card,Seremban
YD9DNNNR,female,54,All-Purpose Cleaner,85.17033431852983,6,511.02200591117895,card,Seremban
1XKU9DRY,female,22,Brake Pads,155.8491232230838,2,311.6982464461676,e-wallet,Johor Bahru
DCZVB12J,male,22,Tyre,77.25967040202059,4,309.03868160808236,cash,Seremban
8SHR1Z0X,female,51,Brake Disc,103.98860750247769,2,207.97721500495538,cash,Kuala Lumpur
X1IWA0LC,female,59,Brake Disc,135.12036272399843,10,1351.2036272399841,e-wallet,Kuala Lumpur
GYGIGEAV,male,61,Spark Plugs,81.44916052350246,3,244.34748157050737,cash,Johor Bahru
1INU1D2Z,female,59,Suspension,186.15000249360733,10,1861.5000249360733,card,Kuala Lumpur
IJXSUR4D,male,36,Air Freshener,132.60362863044537,3,397.8108858913361,e-wallet,Johor Bahru
NDPIF00K,female,24,Tyre,123.8373960859789,3,371.5121882579367,e-wallet,Johor Bahru
51UI0S96,female,49,Tyre,56.755547833985034,9,510.7999305058653,e-wallet,Pulau Pinang
7037YKYK,male,19,Brake Pads,92.38953754142912,10,923.8953754142913,cash,Johor Bahru
SN3SXEFY,male,33,All-Purpose Cleaner,140.6781270187275,8,1125.42501614982,e-wallet,Seremban
WTX8MX0Y,female,35,Suspension,112.81069135676988,5,564.0534567838494,e-wallet,Ipoh
TQ3F7ZGA,female,39,Brake Pads,77.50769386982421,1,77.50769386982421,card,Seremban
YXRWYNTE,female,21,Brake Pads,113.24599344149283,3,339.7379803244785,e-wallet,Seremban
31Y7FX2U,male,26,Suspension,196.243021156841,9,1766.187190411569,card,Pulau Pinang
3OV4BDNG,male,46,Spark Plugs,62.43854348051486,6,374.63126088308917,cash,Johor Bahru
6RTITR3J,male,24,Spark Plugs,171.27625353477117,3,513.8287606043135,card,Ipoh
ZJQVGM9K,female,40,Spark Plugs,63.82574844188076,4,255.30299376752305,e-wallet,Pulau Pinang
HI0SE4FF,female,21,All-Purpose Cleaner,110.02294626430464,2,220.04589252860927,cash,Seremban
DXSPD8UR,female,25,Brake Pads,55.375495421957034,10,553.7549542195703,card,Pulau Pinang
7V4AUP61,male,35,Air Freshener,126.67767233575893,8,1013.4213786860714,cash,Kuala Lumpur
9B7ZM5JJ,male,47,Brake Pads,120.03820866225242,2,240.07641732450483,e-wallet,Kuala Lumpur
7FCHJJVZ,male,61,Wiper blade,99.49051973866989,5,497.45259869334944,card,Kuala Lumpur
M2CJOQYO,male,19,Tyre,131.89979806313994,4,527.5991922525598,cash,Johor Bahru
F49FSV2H,female,41,Suspension,174.9188535254693,1,174.9188535254693,card,Kuala Lumpur
A54AA0S8,male,39,All-Purpose Cleaner,99.97522116280803,4,399.9008846512321,cash,Pulau Pinang
HDCKOPMV,female,32,Air Freshener,83.7329506192357,2,167.4659012384714,cash,Ipoh
2ZDYSQNW,male,58,Ignition Coils,195.6911807059842,5,978.455903529921,cash,Seremban
3GUPOBFX,male,58,Ignition Coils,69.6998335171114,9,627.2985016540026,cash,Seremban
5IY9XAHC,female,24,Spark Plugs,176.70380789225015,9,1590.3342710302513,card,Pulau Pinang
RHC9R3TB,female,23,Brake Pads,187.76438837234264,3,563.2931651170279,e-wallet,Pulau Pinang
J9Y6AS46,male,61,All-Purpose Cleaner,92.20665739573657,3,276.6199721872097,cash,Johor Bahru
QYWZATF7,female,30,Air Freshener,148.22618195961843,9,1334.0356376365658,card,Kuala Lumpur
8HEHM48B,female,55,Spark Plugs,135.53974343936198,5,677.6987171968099,card,Pulau Pinang
A5PDEG8I,female,49,Suspension,155.81450112305419,9,1402.3305101074877,card,Seremban
3PSNPDN1,male,31,Suspension,130.57853207925353,9,1175.2067887132819,card,Seremban
ONBA46D9,male,50,Tyre,185.71656145396778,10,1857.1656145396778,card,Ipoh
ETD83QLU,male,45,Tyre,64.99707631723588,8,519.976610537887,cash,Ipoh
Q42BV5XY,female,36,Ignition Coils,107.4873839556661,2,214.9747679113322,card,Johor Bahru
PSZF4V3Q,male,45,Spark Plugs,71.15161264549816,1,71.15161264549816,cash,Johor Bahru
19FFYR6X,male,51,Spark Plugs,177.99556839540335,7,1245.9689787678235,cash,Ipoh
W8WRJHF0,female,40,Wiper blade,190.28329419083258,2,380.56658838166516,e-wallet,Ipoh
6ZUTKRN9,male,58,Tyre,126.63595893878075,5,633.1797946939038,cash,Kuala Lumpur
CW9XCLOE,female,45,Brake Pads,134.36499279126232,10,1343.6499279126233,e-wallet,Seremban
HV6GNHXX,female,22,Ignition Coils,179.40627216021383,7,1255.8439051214968,card,Kuala Lumpur
C72K4O74,female,58,Suspension,191.5842544091893,2,383.1685088183786,cash,Johor Bahru
6SIB8J7I,female,34,Spark Plugs,109.09299903861776,4,436.37199615447105,card,Pulau Pinang
DU3A2JN1,male,30,Air Freshener,182.4946664834071,7,1277.4626653838495,e-wallet,Johor Bahru
PID80MXM,female,60,Spark Plugs,130.06406514395007,5,650.3203257197504,card,Seremban
2FKDDIG9,male,53,All-Purpose Cleaner,80.22031055647776,4,320.881242225911,cash,Johor Bahru
3Y3EL2IK,female,18,Spark Plugs,139.26998193012173,1,139.26998193012173,card,Seremban
OHV0W6TZ,female,45,Spark Plugs,136.23411991098703,2,272.46823982197407,card,Pulau Pinang
JX2OC9EW,male,46,Brake Disc,71.36261447550436,5,356.8130723775218,card,Seremban
A169O1I2,male,58,Air Freshener,53.00672362276873,2,106.01344724553746,e-wallet,Ipoh
1WH3QABS,female,42,All-Purpose Cleaner,116.74465529626242,8,933.9572423700994,e-wallet,Kuala Lumpur
GGN27UPY,female,43,Tyre,66.90695124276742,8,535.2556099421394,cash,Johor Bahru
ZBPHFLQD,female,47,Suspension,84.96539792923332,6,509.7923875753999,e-wallet,Ipoh
YDT00USG,male,56,All-Purpose Cleaner,104.77947941877692,7,733.4563559314385,cash,Kuala Lumpur
WFVHP1LT,male,55,Brake Disc,157.61315405565023,7,1103.2920783895515,card,Kuala Lumpur
KE44J3A3,female,28,Wiper blade,74.34296175376026,1,74.34296175376026,e-wallet,Kuala Lumpur
GM0DKL7D,female,50,Air Freshener,63.37193078895754,7,443.60351552270276,card,Kuala Lumpur
LESNR5BG,female,34,Spark Plugs,151.5214526021852,8,1212.1716208174817,e-wallet,Ipoh
M6H17UFL,male,45,Tyre,66.0850432162579,9,594.7653889463211,card,Johor Bahru
43XQJR0L,male,50,Wiper blade,51.247147598392786,10,512.4714759839278,card,Kuala Lumpur
03SLIOMS,female,27,Brake Disc,180.94461715655575,2,361.8892343131115,card,Kuala Lumpur
UZ8VOV63,female,36,Tyre,120.9121394678646,7,846.3849762750523,e-wallet,Seremban
N24FB0ON,female,38,Brake Pads,199.4352928008339,5,997.1764640041695,e-wallet,Pulau Pinang
0TT773EL,male,21,Brake Pads,101.29795894755,3,303.89387684265,card,Kuala Lumpur
EV2U07X0,female,50,Ignition Coils,136.33597051606958,8,1090.6877641285566,cash,Pulau Pinang
NX5HP4OL,female,24,Air Freshener,83.94983256436034,10,839.4983256436034,card,Ipoh
Z4OGPKAZ,female,19,Suspension,110.81971864957353,6,664.9183118974412,cash,Ipoh
FOIU4XSN,female,39,Spark Plugs,192.96450928469767,8,1543.7160742775814,card,Kuala Lumpur
J0MRNH7M,male,60,Brake Disc,53.457347816405374,9,481.1161303476484,card,Seremban
XPRVVUJT,male,26,Wiper blade,95.15714794341821,2,190.31429588683642,e-wallet,Ipoh
GGB4ATTA,female,28,Brake Disc,128.0872469286477,6,768.5234815718861,card,Pulau Pinang
L69UICGC,female,52,Brake Disc,124.68704486896758,1,124.68704486896758,e-wallet,Ipoh
1C1D8XPJ,male,28,Brake Disc,183.51321931953882,10,1835.1321931953883,e-wallet,Pulau Pinang
CTGQK2DX,male,38,Brake Disc,133.2567848128121,10,1332.567848128121,e-wallet,Pulau Pinang
EMXBA0P0,male,56,All-Purpose Cleaner,80.73605809860766,8,645.8884647888613,card,Johor Bahru
IXRZ3RW8,female,25,Brake Disc,113.55593580358234,3,340.66780741074706,cash,Johor Bahru
B6MX28RM,male,24,Ignition Coils,54.28895305247392,4,217.15581220989569,card,Kuala Lumpur
FKKCIKDJ,male,26,Brake Pads,136.26775250018898,2,272.53550500037795,e-wallet,Seremban
P3255NZV,male,36,Tyre,63.98774778069789,8,511.9019822455831,card,Ipoh
B03IHUQC,female,41,Air Freshener,178.28328217190898,3,534.849846515727,card,Johor Bahru
1X9SC9SQ,male,47,Tyre,87.43035040110124,9,786.8731536099111,e-wallet,Ipoh
SFC4PCGV,female,54,Suspension,155.35291372012676,2,310.70582744025353,cash,Seremban
VKLWMIHT,male,38,Brake Pads,160.93303821131883,7,1126.5312674792317,cash,Pulau Pinang
G63EWWHU,female,57,Ignition Coils,78.86860498729558,6,473.2116299237735,cash,Seremban
O463BMKR,male,22,Brake Disc,129.98022501691105,8,1039.8418001352884,e-wallet,Pulau Pinang
MKFOQXTM,male,43,Spark Plugs,82.61110309752198,5,413.0555154876099,cash,Seremban
XMK1G1E4,male,24,Ignition Coils,59.231639182066985,5,296.15819591033494,e-wallet,Seremban
9I61VHHV,male,49,Wiper blade,145.0959683426119,10,1450.9596834261192,card,Pulau Pinang
KM7BOELD,male,60,Ignition Coils,127.10353177815988,6,762.6211906689592,cash,Johor Bahru
OHWSDMND,male,35,All-Purpose Cleaner,180.43286939291013,8,1443.462955143281,cash,Pulau Pinang
9X7KS01M,female,18,All-Purpose Cleaner,177.90715448732618,2,355.81430897465236,card,Pulau Pinang
4OWOU6AO,female,37,Brake Disc,133.01650175763075,4,532.066007030523,e-wallet,Johor Bahru
PNL7I2SN,male,24,Ignition Coils,180.8350206859306,8,1446.6801654874448,e-wallet,Kuala Lumpur
CAMX7RZO,female,30,Air Freshener,193.5623335973343,1,193.5623335973343,e-wallet,Seremban
ACKWSNU5,female,21,Wiper blade,88.94047480302433,9,800.464273227219,e-wallet,Pulau Pinang
48QSOEII,female,29,Brake Disc,74.00227800290288,1,74.00227800290288,cash,Pulau Pinang
QTGWY1GH,female,53,Spark Plugs,53.16372153264179,7,372.1460507284925,cash,Kuala Lumpur
N4QNUN0R,female,43,Suspension,179.51753702341867,4,718.0701480936747,cash,Johor Bahru
QTGRXZ36,male,57,Ignition Coils,142.1562577883759,4,568.6250311535036,cash,Kuala Lumpur
PPJ57G1D,male,19,All-Purpose Cleaner,64.68132969408258,9,582.1319672467432,card,Seremban
0ESTNM1H,female,44,Tyre,164.0237868795512,5,820.118934397756,card,Pulau Pinang
D3MO3KFW,female,56,Air Freshener,135.01627331211614,3,405.0488199363484,e-wallet,Ipoh
I8TW0Q5R,female,35,Ignition Coils,198.33941866378896,4,793.3576746551558,cash,Ipoh
CCZCJZYJ,male,56,Ignition Coils,107.32459013680044,2,214.64918027360088,cash,Ipoh
72CV0MHW,male,47,Air Freshener,192.24860100310283,6,1153.491606018617,e-wallet,Seremban
NP0XWC56,female,47,Tyre,57.230907547378216,1,57.230907547378216,e-wallet,Seremban
VU9S2JLR,female,55,All-Purpose Cleaner,74.31734649509622,5,371.5867324754811,card,Seremban
JUVHCQLG,female,35,Ignition Coils,101.17945441372046,3,303.5383632411614,cash,Kuala Lumpur
VXB9NY0H,female,34,All-Purpose Cleaner,79.28516626607737,9,713.5664963946963,e-wallet,Pulau Pinang
CNJ2CMMM,male,29,All-Purpose Cleaner,60.24509716258453,8,481.9607773006762,card,Seremban
Y3GAAK2V,female,23,Air Freshener,136.03120852186265,2,272.0624170437253,cash,Ipoh
78KARJ0I,female,58,Ignition Coils,149.44073225517678,8,1195.5258580414143,cash,Ipoh
8KC0JPRO,female,44,Brake Disc,80.76301179044893,2,161.52602358089786,card,Kuala Lumpur
7RJ4FQII,female,30,Brake Pads,76.30508094575046,4,305.22032378300185,cash,Ipoh
KT8S7JPH,female,31,Suspension,102.16505431318053,8,817.3204345054443,card,Pulau Pinang
VZ7PIUAG,male,53,Brake Pads,72.3287505153942,6,433.97250309236523,cash,Johor Bahru
OMH61FNJ,female,53,Air Freshener,155.07559437325824,7,1085.5291606128076,e-wallet,Johor Bahru
K0VJNF8N,male,46,Air Freshener,89.66990288597142,4,358.6796115438857,e-wallet,Johor Bahru
S4MT4XI2,female,18,Wiper blade,138.80895578032442,6,832.8537346819465,cash,Kuala Lumpur
JC2X5HXB,female,48,Ignition Coils,79.58247049126055,5,397.91235245630276,cash,Kuala Lumpur
QSEUGRE6,female,57,All-Purpose Cleaner,64.44689130530094,10,644.4689130530094,e-wallet,Johor Bahru
6VXAB4ME,female,55,All-Purpose Cleaner,185.5283638473011,1,185.5283638473011,e-wallet,Kuala Lumpur
BO5D7S58,male,48,Air Freshener,171.1066418305843,3,513.3199254917529,cash,Kuala Lumpur
6BZMIN8K,male,55,Spark Plugs,68.3719857129242,6,410.23191427754523,e-wallet,Seremban
FISBD6AM,female,19,Air Freshener,125.49093301959341,4,501.96373207837365,cash,Ipoh
JEN8B6TL,female,59,Brake Disc,185.3430338759263,9,1668.0873048833366,card,Pulau Pinang
DDFO8ZKH,female,46,All-Purpose Cleaner,185.72217448613063,2,371.44434897226125,card,Seremban
HZQF86G5,female,19,Brake Pads,52.681328931671096,10,526.813289316711,e-wallet,Kuala Lumpur
08RYKYXN,male,45,Suspension,136.33206519361391,3,408.99619558084174,e-wallet,Seremban
Q9VASUVA,female,46,Suspension,131.02175298468634,5,655.1087649234317,card,Ipoh
7JKF82ZU,female,38,Brake Pads,118.05359154713557,8,944.4287323770845,e-wallet,Kuala Lumpur
RSX6TATG,male,33,All-Purpose Cleaner,125.44937572496875,2,250.8987514499375,e-wallet,Seremban
UQMQQH2T,female,18,Spark Plugs,67.09005203673212,1,67.09005203673212,e-wallet,Seremban
GXKCF31V,male,31,Ignition Coils,124.49663254989424,10,1244.9663254989425,e-wallet,Ipoh
SWNWI8IL,male,36,All-Purpose Cleaner,87.57546869822903,1,87.57546869822903,e-wallet,Kuala Lumpur
QG1R1ZRT,male,60,All-Purpose Cleaner,106.59172396913534,7,746.1420677839474,cash,Pulau Pinang
TT60E0MC,female,44,Air Freshener,174.38180585920855,10,1743.8180585920854,cash,Ipoh
5GAQO3L1,male,46,Brake Disc,142.21116636784848,1,142.21116636784848,card,Ipoh
EHOGUAOF,female,40,Tyre,137.88355225401094,3,413.6506567620328,cash,Pulau Pinang
24SP8D6L,female,22,Ignition Coils,162.59088079244168,5,812.9544039622084,cash,Pulau Pinang
0EBCFL51,male,43,All-Purpose Cleaner,76.00343820859621,6,456.02062925157725,e-wallet,Ipoh
VWVH6FML,male,39,Brake Disc,107.81996605408473,4,431.2798642163389,card,Ipoh
NLOZ48DE,female,47,Suspension,50.67606893702585,7,354.732482559181,e-wallet,Johor Bahru
RSXXWV4Y,female,38,Air Freshener,96.28369241185297,9,866.5532317066767,card,Pulau Pinang
TX1OCGJR,female,27,Brake Disc,160.6886773176268,8,1285.5094185410144,card,Pulau Pinang
SEZMDL24,female,22,Spark Plugs,68.04466182086607,3,204.13398546259822,cash,Ipoh
ITW6BWAW,female,18,All-Purpose Cleaner,95.69853461757933,1,95.69853461757933,cash,Johor Bahru
Z3PPPJ6T,male,25,Brake Pads,117.78030020493235,1,117.78030020493235,card,Johor Bahru
IQCNU64M,female,47,Spark Plugs,194.92296244437225,4,779.691849777489,card,Seremban
MW86S06H,female,26,Suspension,72.80394593132289,9,655.235513381906,cash,Johor Bahru
SLQUOECP,female,38,Wiper blade,189.57089567521655,9,1706.1380610769488,e-wallet,Johor Bahru
LG9SSSP5,female,54,Brake Pads,107.69378547144791,9,969.2440692430312,e-wallet,Pulau Pinang
KM9DEKO7,female,24,Suspension,79.18198005424257,8,633.4558404339406,cash,Seremban
O1572L4G,female,45,Wiper blade,191.6645850904056,1,191.6645850904056,cash,Kuala Lumpur
ZTF8MP69,female,45,All-Purpose Cleaner,76.19183754111778,2,152.38367508223556,e-wallet,Kuala Lumpur
OJCAEK88,female,34,Air Freshener,177.80258077318473,3,533.4077423195542,card,Pulau Pinang
C7PTUERD,male,25,Brake Disc,156.01474863425824,7,1092.1032404398077,card,Pulau Pinang
I7MER003,female,38,Air Freshener,69.60639467899946,5,348.0319733949973,cash,Ipoh
63YA7OAB,male,25,Brake Pads,71.89965074054263,1,71.89965074054263,card,Seremban
T2L60E3I,female,51,Air Freshener,91.4390968234265,9,822.9518714108385,e-wallet,Pulau Pinang
6IVHFRRB,male,52,Tyre,168.6367388944318,2,337.2734777888636,cash,Johor Bahru
WX9XRE6S,male,31,All-Purpose Cleaner,128.02006918615888,3,384.06020755847663,card,Pulau Pinang
LUBW2X6H,male,36,Ignition Coils,188.3940450535647,4,753.5761802142588,cash,Ipoh
14L2P9BV,male,32,Tyre,67.67744378366083,4,270.70977513464334,card,Johor Bahru
OJ3YGCLW,male,29,Tyre,160.71468143456315,3,482.14404430368944,card,Seremban
YYOJ0DA3,male,39,All-Purpose Cleaner,148.3877071794804,3,445.1631215384412,cash,Kuala Lumpur
94C1IFW2,female,42,All-Purpose Cleaner,129.6721003115319,6,778.0326018691914,e-wallet,Ipoh
KDHOAM2V,female,27,Suspension,177.11037413459064,3,531.3311224037719,e-wallet,Ipoh
O1ECRZPJ,male,20,All-Purpose Cleaner,171.08359133760746,8,1368.6687307008597,card,Kuala Lumpur
D4MCSYWM,male,41,Brake Disc,56.0973693403883,1,56.0973693403883,e-wallet,Johor Bahru
3OI1LQRP,female,37,Ignition Coils,80.06845168048662,5,400.3422584024331,e-wallet,Ipoh
AORA3WV4,male,54,Brake Pads,137.89770791533408,3,413.69312374600224,e-wallet,Pulau Pinang
A2ZFP0FI,female,41,All-Purpose Cleaner,76.54845590193969,8,612.3876472155175,card,Ipoh
BYR3D2JN,male,32,Brake Pads,181.46125601002996,5,907.3062800501498,cash,Ipoh
SBYHIX8U,male,35,Spark Plugs,97.84025215474344,8,782.7220172379475,card,Ipoh
ZRDD0YVT,female,19,Ignition Coils,118.8532112765278,2,237.7064225530556,card,Ipoh
BNY8LXUD,male,19,Brake Pads,69.47862926748414,6,416.8717756049048,e-wallet,Pulau Pinang
SP2IQ5MZ,male,55,Brake Pads,102.41863094401207,1,102.41863094401207,cash,Pulau Pinang
RPUFJQQS,male,29,Brake Disc,124.4085719807477,2,248.8171439614954,cash,Ipoh
ITNU3R5X,female,18,Tyre,126.84897311801176,3,380.54691935403525,card,Kuala Lumpur
E3NSK3KZ,male,39,Air Freshener,101.67303760121612,2,203.34607520243225,e-wallet,Kuala Lumpur
59ZOKIHI,female,55,Suspension,61.964138039405164,8,495.7131043152413,cash,Johor Bahru
EGSCIELZ,male,20,Tyre,60.61890682965378,5,303.0945341482689,e-wallet,Ipoh
MOW0DI9N,female,37,Suspension,90.31903987555789,7,632.2332791289052,cash,Pulau Pinang
Z77VL30B,female,30,Wiper blade,106.08394492513273,10,1060.8394492513273,card,Pulau Pinang
GE3L5JFK,male,61,Brake Disc,145.7127977253283,4,582.8511909013132,cash,Johor Bahru
3EHRS8R3,female,24,All-Purpose Cleaner,80.37966820159012,3,241.13900460477038,e-wallet,Seremban
G5TGA03O,female,58,Brake Pads,181.95559805798055,10,1819.5559805798055,cash,Ipoh
WJNZ24V9,male,43,Ignition Coils,186.34106036649104,2,372.68212073298207,e-wallet,Pulau Pinang
4BAQ664G,male,61,Suspension,183.41345070053518,3,550.2403521016056,cash,Johor Bahru
2RIV1SDL,male,31,Brake Disc,132.80271154404227,1,132.80271154404227,cash,Ipoh
0IPKJEYA,female,51,Spark Plugs,145.97472767984726,8,1167.797821438778,e-wallet,Seremban
KY7FM32Y,male,38,Wiper blade,168.9544521551773,9,1520.5900693965957,card,Seremban
QA2N14FX,female,21,Ignition Coils,181.1799738747593,3,543.5399216242779,e-wallet,Kuala Lumpur
WAVCFR0Z,male,47,Tyre,54.89348941882678,8,439.14791535061426,cash,Johor Bahru
PZGRAZHC,male,40,Ignition Coils,138.04204728247845,1,138.04204728247845,cash,Seremban
GTGBO096,male,33,Ignition Coils,93.94135920069283,8,751.5308736055426,card,Johor Bahru
9KJLGCLY,male,45,Brake Disc,170.325784692352,1,170.325784692352,card,Kuala Lumpur
EI36W9DW,male,21,Brake Pads,151.0429135221739,4,604.1716540886956,card,Johor Bahru
AD28CFJR,male,21,Tyre,93.41175080504888,9,840.7057572454399,e-wallet,Johor Bahru
B6R4CAUR,female,35,Ignition Coils,68.41292046947184,7,478.8904432863029,e-wallet,Ipoh
8OBHGBOJ,male,55,Tyre,106.38350837643057,5,531.9175418821528,card,Seremban
RLHZ96OS,male,27,All-Purpose Cleaner,173.43998421661206,4,693.7599368664482,e-wallet,Seremban
DREOH4BO,male,39,Air Freshener,157.79163236693478,1,157.79163236693478,e-wallet,Ipoh
CJRJEPUQ,female,40,Air Freshener,156.94409017666828,10,1569.4409017666828,card,Kuala Lumpur
UGIDKY3I,male,32,Suspension,79.71324504472253,1,79.71324504472253,card,Pulau Pinang
VTLPJD9P,male,50,Wiper blade,121.36447239360226,5,606.8223619680113,cash,Pulau Pinang
5SISXRTN,female,56,Brake Pads,133.92439226505735,5,669.6219613252867,cash,Pulau Pinang
5XC4UYSA,female,41,Air Freshener,60.63431940835099,3,181.90295822505297,card,Ipoh
FF8U0JPF,female,23,Brake Disc,96.40916303188814,9,867.6824672869933,card,Seremban
E0EA3EJ7,female,38,All-Purpose Cleaner,166.39591087402346,7,1164.7713761181642,cash,Seremban
4B8U4RPL,female,34,Brake Pads,184.17629413192907,3,552.5288823957872,e-wallet,Seremban
4TF65TD9,female,48,Wiper blade,151.55500476251257,1,151.55500476251257,cash,Seremban
XURXAC1B,female,58,Suspension,108.47924316082357,6,650.8754589649415,card,Ipoh
HE4WGUV4,male,23,All-Purpose Cleaner,189.90529695867812,1,189.90529695867812,e-wallet,Kuala Lumpur
E8GZFHSA,male,48,All-Purpose Cleaner,158.54362043674274,9,1426.8925839306846,cash,Ipoh
6DOCIOPV,male,59,Wiper blade,174.22720414636478,6,1045.3632248781887,card,Pulau Pinang
A09TPK4F,female,18,All-Purpose Cleaner,110.10777671144348,1,110.10777671144348,card,Seremban
03QXOU31,male,28,All-Purpose Cleaner,179.48208853958866,6,1076.892531237532,cash,Ipoh
3KNNQ6IQ,male,25,Suspension,98.2958269979581,4,393.1833079918324,cash,Kuala Lumpur
QW0U5NFT,male,61,Spark Plugs,99.32237841431716,7,695.2566489002201,e-wallet,Johor Bahru
ZL4BJI8I,male,24,Air Freshener,75.68395604993822,5,378.4197802496911,cash,Kuala Lumpur
20J8F13M,male,53,Wiper blade,137.73531975775794,5,688.6765987887896,e-wallet,Johor Bahru
GF54539M,female,51,Suspension,129.27599684645736,8,1034.2079747716589,card,Johor Bahru
VF2TAEYA,female,52,Tyre,176.85992748111454,2,353.7198549622291,cash,Seremban
FUYUXM7A,female,30,Suspension,123.52247193536262,3,370.56741580608787,e-wallet,Johor Bahru
D6HRIIC3,female,20,Tyre,98.73956622077382,6,592.4373973246429,cash,Seremban
SK3BUFLF,male,58,Suspension,150.02416699616901,7,1050.169168973183,card,Seremban
U5YO83OT,female,21,Tyre,189.9096647789723,2,379.8193295579446,card,Johor Bahru
CKWE1FGS,male,34,Tyre,120.43606105415152,9,1083.9245494873637,card,Kuala Lumpur
XNPIFWWC,female,18,Brake Pads,116.66753660754497,2,233.33507321508995,e-wallet,Seremban
L2Z262R1,male,54,Wiper blade,187.84678937212237,6,1127.0807362327341,e-wallet,Johor Bahru
BEQ47GQQ,female,35,Suspension,58.02326163236011,1,58.02326163236011,cash,Seremban
